2025-10-01 23:07:56,877 - INFO - -> - Starting enhanced runner: per-solver threads ALWAYS on. Per-solver concurrent attacks=True
2025-10-01 23:07:56,933 - INFO - -> - Initialized SQLite DB for flags
2025-10-01 23:07:56,941 - INFO - -> - Starting full-run cycle: signaling all solver threads to run
2025-10-01 23:07:56,943 - INFO - -> - Solver thread started for test.py
2025-10-01 23:07:56,943 - INFO - -> - Signaled 1 solver threads this cycle
2025-10-01 23:07:56,944 - INFO - -> - Watcher started, initial solvers=1
2025-10-01 23:07:56,946 - DEBUG - -> - Skipping already in-progress test.py -> Team #11-21
2025-10-01 23:07:56,946 - DEBUG - -> - Skipping already in-progress test.py -> Team #10-19
2025-10-01 23:07:56,947 - DEBUG - -> - Skipping already in-progress test.py -> Team #9-17
2025-10-01 23:07:56,947 - DEBUG - -> - Skipping already in-progress test.py -> Team #8-15
2025-10-01 23:07:56,947 - DEBUG - -> - Skipping already in-progress test.py -> Team #5-09
2025-10-01 23:07:56,947 - DEBUG - -> - Skipping already in-progress test.py -> Team #2-03
2025-10-01 23:07:56,947 - DEBUG - -> - Skipping already in-progress test.py -> Team #3-05
2025-10-01 23:07:56,947 - DEBUG - -> - Skipping already in-progress test.py -> Team #12-23
2025-10-01 23:07:56,947 - DEBUG - -> - Skipping already in-progress test.py -> Team #6-11
2025-10-01 23:07:56,947 - DEBUG - -> - Skipping already in-progress test.py -> Team #4-07
2025-10-01 23:07:56,948 - DEBUG - -> - Skipping already in-progress test.py -> Team #7-13
2025-10-01 23:07:56,948 - DEBUG - -> - Skipping already in-progress test.py -> Team #14-27
2025-10-01 23:07:56,948 - DEBUG - -> - Skipping already in-progress test.py -> Team #1-01
2025-10-01 23:07:56,948 - DEBUG - -> - Skipping already in-progress test.py -> Team #13-25
2025-10-01 23:07:56,948 - DEBUG - -> - Skipping already in-progress test.py -> Team #15-29
2025-10-01 23:07:56,986 - INFO - -> - 🏁 [test -> Team #12-23] Found 1 flag(s)
2025-10-01 23:07:56,987 - INFO - -> - 🏁 [test -> Team #15-29] Found 1 flag(s)
2025-10-01 23:07:56,987 - DEBUG - -> - Skipping duplicate pending flag: COMPFEST17{23}
2025-10-01 23:07:56,989 - DEBUG - -> - Skipping duplicate pending flag: COMPFEST17{29}
2025-10-01 23:07:57,007 - INFO - -> - 🏁 [test -> Team #14-27] Found 1 flag(s)
2025-10-01 23:07:57,008 - INFO - -> - 🏁 [test -> Team #13-25] Found 1 flag(s)
2025-10-01 23:07:57,008 - DEBUG - -> - Skipping duplicate pending flag: COMPFEST17{27}
2025-10-01 23:07:57,009 - DEBUG - -> - Skipping duplicate pending flag: COMPFEST17{25}
2025-10-01 23:07:57,025 - INFO - -> - 🏁 [test -> Team #8-15] Found 1 flag(s)
2025-10-01 23:07:57,025 - INFO - -> - 🏁 [test -> Team #11-21] Found 1 flag(s)
2025-10-01 23:07:57,025 - DEBUG - -> - Skipping duplicate pending flag: COMPFEST17{15}
2025-10-01 23:07:57,026 - DEBUG - -> - Skipping duplicate pending flag: COMPFEST17{21}
2025-10-01 23:07:57,041 - INFO - -> - 🏁 [test -> Team #4-07] Found 1 flag(s)
2025-10-01 23:07:57,041 - DEBUG - -> - Skipping duplicate pending flag: COMPFEST17{07}
2025-10-01 23:07:57,045 - INFO - -> - 🏁 [test -> Team #6-11] Found 1 flag(s)
2025-10-01 23:07:57,046 - DEBUG - -> - Skipping duplicate pending flag: COMPFEST17{11}
2025-10-01 23:07:57,056 - INFO - -> - 🏁 [test -> Team #7-13] Found 1 flag(s)
2025-10-01 23:07:57,056 - DEBUG - -> - Skipping duplicate pending flag: COMPFEST17{13}
2025-10-01 23:07:57,062 - INFO - -> - 🏁 [test -> Team #1-01] Found 1 flag(s)
2025-10-01 23:07:57,062 - DEBUG - -> - Skipping duplicate pending flag: COMPFEST17{01}
2025-10-01 23:07:57,072 - INFO - -> - 🏁 [test -> Team #9-17] Found 1 flag(s)
2025-10-01 23:07:57,072 - DEBUG - -> - Skipping duplicate pending flag: COMPFEST17{17}
2025-10-01 23:07:57,077 - INFO - -> - 🏁 [test -> Team #2-03] Found 1 flag(s)
2025-10-01 23:07:57,077 - DEBUG - -> - Skipping duplicate pending flag: COMPFEST17{03}
2025-10-01 23:07:57,087 - INFO - -> - 🏁 [test -> Team #5-09] Found 1 flag(s)
2025-10-01 23:07:57,087 - DEBUG - -> - Skipping duplicate pending flag: COMPFEST17{09}
2025-10-01 23:07:57,092 - INFO - -> - 🏁 [test -> Team #10-19] Found 1 flag(s)
2025-10-01 23:07:57,092 - DEBUG - -> - Skipping duplicate pending flag: COMPFEST17{19}
2025-10-01 23:07:57,102 - INFO - -> - 🏁 [test -> Team #3-05] Found 1 flag(s)
2025-10-01 23:07:57,102 - DEBUG - -> - Skipping duplicate pending flag: COMPFEST17{05}
2025-10-01 23:07:57,444 - INFO - -> - 📤 Candidates for submission (15)
2025-10-01 23:07:57,444 - INFO - -> - 📤 Selected to submit (15)
2025-10-01 23:08:00,543 - INFO - -> - ⏳ COMPFEST17{13}: QUEUED HTTPSConnectionPool(host='api.ctf-compfest.com', port=443): Max retries exceeded with url: /api/v2/submit (Caused by NewConnectionError('<urllib3.connection.HTTPSConnection object at 0x7dd6f0213140>: Failed to establish a new connection: [Errno 113] No route to host'))
2025-10-01 23:08:00,543 - INFO - -> - ⏳ COMPFEST17{23}: QUEUED HTTPSConnectionPool(host='api.ctf-compfest.com', port=443): Max retries exceeded with url: /api/v2/submit (Caused by NewConnectionError('<urllib3.connection.HTTPSConnection object at 0x7dd6f0213140>: Failed to establish a new connection: [Errno 113] No route to host'))
2025-10-01 23:08:00,543 - INFO - -> - ⏳ COMPFEST17{01}: QUEUED HTTPSConnectionPool(host='api.ctf-compfest.com', port=443): Max retries exceeded with url: /api/v2/submit (Caused by NewConnectionError('<urllib3.connection.HTTPSConnection object at 0x7dd6f0213140>: Failed to establish a new connection: [Errno 113] No route to host'))
2025-10-01 23:08:00,543 - INFO - -> - ⏳ COMPFEST17{15}: QUEUED HTTPSConnectionPool(host='api.ctf-compfest.com', port=443): Max retries exceeded with url: /api/v2/submit (Caused by NewConnectionError('<urllib3.connection.HTTPSConnection object at 0x7dd6f0213140>: Failed to establish a new connection: [Errno 113] No route to host'))
2025-10-01 23:08:00,544 - INFO - -> - ⏳ COMPFEST17{11}: QUEUED HTTPSConnectionPool(host='api.ctf-compfest.com', port=443): Max retries exceeded with url: /api/v2/submit (Caused by NewConnectionError('<urllib3.connection.HTTPSConnection object at 0x7dd6f0213140>: Failed to establish a new connection: [Errno 113] No route to host'))
2025-10-01 23:08:00,544 - INFO - -> - ⏳ COMPFEST17{25}: QUEUED HTTPSConnectionPool(host='api.ctf-compfest.com', port=443): Max retries exceeded with url: /api/v2/submit (Caused by NewConnectionError('<urllib3.connection.HTTPSConnection object at 0x7dd6f0213140>: Failed to establish a new connection: [Errno 113] No route to host'))
2025-10-01 23:08:00,544 - INFO - -> - ⏳ COMPFEST17{07}: QUEUED HTTPSConnectionPool(host='api.ctf-compfest.com', port=443): Max retries exceeded with url: /api/v2/submit (Caused by NewConnectionError('<urllib3.connection.HTTPSConnection object at 0x7dd6f0213140>: Failed to establish a new connection: [Errno 113] No route to host'))
2025-10-01 23:08:00,544 - INFO - -> - ⏳ COMPFEST17{21}: QUEUED HTTPSConnectionPool(host='api.ctf-compfest.com', port=443): Max retries exceeded with url: /api/v2/submit (Caused by NewConnectionError('<urllib3.connection.HTTPSConnection object at 0x7dd6f0213140>: Failed to establish a new connection: [Errno 113] No route to host'))
2025-10-01 23:08:00,544 - INFO - -> - ⏳ COMPFEST17{05}: QUEUED HTTPSConnectionPool(host='api.ctf-compfest.com', port=443): Max retries exceeded with url: /api/v2/submit (Caused by NewConnectionError('<urllib3.connection.HTTPSConnection object at 0x7dd6f0213140>: Failed to establish a new connection: [Errno 113] No route to host'))
2025-10-01 23:08:00,544 - INFO - -> - ⏳ COMPFEST17{27}: QUEUED HTTPSConnectionPool(host='api.ctf-compfest.com', port=443): Max retries exceeded with url: /api/v2/submit (Caused by NewConnectionError('<urllib3.connection.HTTPSConnection object at 0x7dd6f0213140>: Failed to establish a new connection: [Errno 113] No route to host'))
2025-10-01 23:08:00,544 - INFO - -> - ⏳ COMPFEST17{19}: QUEUED HTTPSConnectionPool(host='api.ctf-compfest.com', port=443): Max retries exceeded with url: /api/v2/submit (Caused by NewConnectionError('<urllib3.connection.HTTPSConnection object at 0x7dd6f0213140>: Failed to establish a new connection: [Errno 113] No route to host'))
2025-10-01 23:08:00,544 - INFO - -> - ⏳ COMPFEST17{09}: QUEUED HTTPSConnectionPool(host='api.ctf-compfest.com', port=443): Max retries exceeded with url: /api/v2/submit (Caused by NewConnectionError('<urllib3.connection.HTTPSConnection object at 0x7dd6f0213140>: Failed to establish a new connection: [Errno 113] No route to host'))
2025-10-01 23:08:00,544 - INFO - -> - ⏳ COMPFEST17{03}: QUEUED HTTPSConnectionPool(host='api.ctf-compfest.com', port=443): Max retries exceeded with url: /api/v2/submit (Caused by NewConnectionError('<urllib3.connection.HTTPSConnection object at 0x7dd6f0213140>: Failed to establish a new connection: [Errno 113] No route to host'))
2025-10-01 23:08:00,544 - INFO - -> - ⏳ COMPFEST17{29}: QUEUED HTTPSConnectionPool(host='api.ctf-compfest.com', port=443): Max retries exceeded with url: /api/v2/submit (Caused by NewConnectionError('<urllib3.connection.HTTPSConnection object at 0x7dd6f0213140>: Failed to establish a new connection: [Errno 113] No route to host'))
2025-10-01 23:08:00,544 - INFO - -> - ⏳ COMPFEST17{17}: QUEUED HTTPSConnectionPool(host='api.ctf-compfest.com', port=443): Max retries exceeded with url: /api/v2/submit (Caused by NewConnectionError('<urllib3.connection.HTTPSConnection object at 0x7dd6f0213140>: Failed to establish a new connection: [Errno 113] No route to host'))
2025-10-01 23:08:00,544 - INFO - -> - Submission Summary: accepted=0 rejected=0 queued=15
2025-10-01 23:08:00,544 - INFO - -> - Cycle finished; sleeping 26s
2025-10-01 23:08:26,942 - INFO - -> - Starting full-run cycle: signaling all solver threads to run
2025-10-01 23:08:26,943 - INFO - -> - Signaled 1 solver threads this cycle
2025-10-01 23:08:26,960 - INFO - -> - 🏁 [test -> Team #4-07] Found 1 flag(s)
2025-10-01 23:08:26,960 - DEBUG - -> - Skipping duplicate pending flag: COMPFEST17{07}
2025-10-01 23:08:26,961 - INFO - -> - 🏁 [test -> Team #11-21] Found 1 flag(s)
2025-10-01 23:08:26,961 - DEBUG - -> - Skipping duplicate pending flag: COMPFEST17{21}
2025-10-01 23:08:26,976 - INFO - -> - 🏁 [test -> Team #1-01] Found 1 flag(s)
2025-10-01 23:08:26,976 - DEBUG - -> - Skipping duplicate pending flag: COMPFEST17{01}
2025-10-01 23:08:26,977 - INFO - -> - 🏁 [test -> Team #10-19] Found 1 flag(s)
2025-10-01 23:08:26,977 - DEBUG - -> - Skipping duplicate pending flag: COMPFEST17{19}
2025-10-01 23:08:26,992 - INFO - -> - 🏁 [test -> Team #8-15] Found 1 flag(s)
2025-10-01 23:08:26,993 - DEBUG - -> - Skipping duplicate pending flag: COMPFEST17{15}
2025-10-01 23:08:26,995 - INFO - -> - 🏁 [test -> Team #6-11] Found 1 flag(s)
2025-10-01 23:08:26,996 - DEBUG - -> - Skipping duplicate pending flag: COMPFEST17{11}
2025-10-01 23:08:27,010 - INFO - -> - 🏁 [test -> Team #9-17] Found 1 flag(s)
2025-10-01 23:08:27,010 - DEBUG - -> - Skipping duplicate pending flag: COMPFEST17{17}
2025-10-01 23:08:27,013 - INFO - -> - 🏁 [test -> Team #14-27] Found 1 flag(s)
2025-10-01 23:08:27,013 - DEBUG - -> - Skipping duplicate pending flag: COMPFEST17{27}
2025-10-01 23:08:27,026 - INFO - -> - 🏁 [test -> Team #7-13] Found 1 flag(s)
2025-10-01 23:08:27,026 - DEBUG - -> - Skipping duplicate pending flag: COMPFEST17{13}
2025-10-01 23:08:27,029 - INFO - -> - 🏁 [test -> Team #3-05] Found 1 flag(s)
2025-10-01 23:08:27,029 - DEBUG - -> - Skipping duplicate pending flag: COMPFEST17{05}
2025-10-01 23:08:27,043 - INFO - -> - 🏁 [test -> Team #2-03] Found 1 flag(s)
2025-10-01 23:08:27,043 - DEBUG - -> - Skipping duplicate pending flag: COMPFEST17{03}
2025-10-01 23:08:27,044 - INFO - -> - 🏁 [test -> Team #12-23] Found 1 flag(s)
2025-10-01 23:08:27,044 - DEBUG - -> - Skipping duplicate pending flag: COMPFEST17{23}
2025-10-01 23:08:27,058 - INFO - -> - 🏁 [test -> Team #15-29] Found 1 flag(s)
2025-10-01 23:08:27,058 - DEBUG - -> - Skipping duplicate pending flag: COMPFEST17{29}
2025-10-01 23:08:27,059 - INFO - -> - 🏁 [test -> Team #13-25] Found 1 flag(s)
2025-10-01 23:08:27,059 - DEBUG - -> - Skipping duplicate pending flag: COMPFEST17{25}
2025-10-01 23:08:27,074 - INFO - -> - 🏁 [test -> Team #5-09] Found 1 flag(s)
2025-10-01 23:08:27,074 - DEBUG - -> - Skipping duplicate pending flag: COMPFEST17{09}
2025-10-01 23:08:27,443 - INFO - -> - 📤 Candidates for submission (15)
2025-10-01 23:08:27,444 - INFO - -> - 📤 Selected to submit (15)
2025-10-01 23:08:30,560 - INFO - -> - ⏳ COMPFEST17{13}: QUEUED HTTPSConnectionPool(host='api.ctf-compfest.com', port=443): Max retries exceeded with url: /api/v2/submit (Caused by NewConnectionError('<urllib3.connection.HTTPSConnection object at 0x7dd6f02e5400>: Failed to establish a new connection: [Errno 113] No route to host'))
2025-10-01 23:08:30,561 - INFO - -> - ⏳ COMPFEST17{25}: QUEUED HTTPSConnectionPool(host='api.ctf-compfest.com', port=443): Max retries exceeded with url: /api/v2/submit (Caused by NewConnectionError('<urllib3.connection.HTTPSConnection object at 0x7dd6f02e5400>: Failed to establish a new connection: [Errno 113] No route to host'))
2025-10-01 23:08:30,561 - INFO - -> - ⏳ COMPFEST17{09}: QUEUED HTTPSConnectionPool(host='api.ctf-compfest.com', port=443): Max retries exceeded with url: /api/v2/submit (Caused by NewConnectionError('<urllib3.connection.HTTPSConnection object at 0x7dd6f02e5400>: Failed to establish a new connection: [Errno 113] No route to host'))
2025-10-01 23:08:30,561 - INFO - -> - ⏳ COMPFEST17{15}: QUEUED HTTPSConnectionPool(host='api.ctf-compfest.com', port=443): Max retries exceeded with url: /api/v2/submit (Caused by NewConnectionError('<urllib3.connection.HTTPSConnection object at 0x7dd6f02e5400>: Failed to establish a new connection: [Errno 113] No route to host'))
2025-10-01 23:08:30,561 - INFO - -> - ⏳ COMPFEST17{17}: QUEUED HTTPSConnectionPool(host='api.ctf-compfest.com', port=443): Max retries exceeded with url: /api/v2/submit (Caused by NewConnectionError('<urllib3.connection.HTTPSConnection object at 0x7dd6f02e5400>: Failed to establish a new connection: [Errno 113] No route to host'))
2025-10-01 23:08:30,561 - INFO - -> - ⏳ COMPFEST17{05}: QUEUED HTTPSConnectionPool(host='api.ctf-compfest.com', port=443): Max retries exceeded with url: /api/v2/submit (Caused by NewConnectionError('<urllib3.connection.HTTPSConnection object at 0x7dd6f02e5400>: Failed to establish a new connection: [Errno 113] No route to host'))
2025-10-01 23:08:30,561 - INFO - -> - ⏳ COMPFEST17{27}: QUEUED HTTPSConnectionPool(host='api.ctf-compfest.com', port=443): Max retries exceeded with url: /api/v2/submit (Caused by NewConnectionError('<urllib3.connection.HTTPSConnection object at 0x7dd6f02e5400>: Failed to establish a new connection: [Errno 113] No route to host'))
2025-10-01 23:08:30,561 - INFO - -> - ⏳ COMPFEST17{03}: QUEUED HTTPSConnectionPool(host='api.ctf-compfest.com', port=443): Max retries exceeded with url: /api/v2/submit (Caused by NewConnectionError('<urllib3.connection.HTTPSConnection object at 0x7dd6f02e5400>: Failed to establish a new connection: [Errno 113] No route to host'))
2025-10-01 23:08:30,561 - INFO - -> - ⏳ COMPFEST17{29}: QUEUED HTTPSConnectionPool(host='api.ctf-compfest.com', port=443): Max retries exceeded with url: /api/v2/submit (Caused by NewConnectionError('<urllib3.connection.HTTPSConnection object at 0x7dd6f02e5400>: Failed to establish a new connection: [Errno 113] No route to host'))
2025-10-01 23:08:30,561 - INFO - -> - ⏳ COMPFEST17{19}: QUEUED HTTPSConnectionPool(host='api.ctf-compfest.com', port=443): Max retries exceeded with url: /api/v2/submit (Caused by NewConnectionError('<urllib3.connection.HTTPSConnection object at 0x7dd6f02e5400>: Failed to establish a new connection: [Errno 113] No route to host'))
2025-10-01 23:08:30,561 - INFO - -> - ⏳ COMPFEST17{23}: QUEUED HTTPSConnectionPool(host='api.ctf-compfest.com', port=443): Max retries exceeded with url: /api/v2/submit (Caused by NewConnectionError('<urllib3.connection.HTTPSConnection object at 0x7dd6f02e5400>: Failed to establish a new connection: [Errno 113] No route to host'))
2025-10-01 23:08:30,561 - INFO - -> - ⏳ COMPFEST17{01}: QUEUED HTTPSConnectionPool(host='api.ctf-compfest.com', port=443): Max retries exceeded with url: /api/v2/submit (Caused by NewConnectionError('<urllib3.connection.HTTPSConnection object at 0x7dd6f02e5400>: Failed to establish a new connection: [Errno 113] No route to host'))
2025-10-01 23:08:30,561 - INFO - -> - ⏳ COMPFEST17{11}: QUEUED HTTPSConnectionPool(host='api.ctf-compfest.com', port=443): Max retries exceeded with url: /api/v2/submit (Caused by NewConnectionError('<urllib3.connection.HTTPSConnection object at 0x7dd6f02e5400>: Failed to establish a new connection: [Errno 113] No route to host'))
2025-10-01 23:08:30,561 - INFO - -> - ⏳ COMPFEST17{21}: QUEUED HTTPSConnectionPool(host='api.ctf-compfest.com', port=443): Max retries exceeded with url: /api/v2/submit (Caused by NewConnectionError('<urllib3.connection.HTTPSConnection object at 0x7dd6f02e5400>: Failed to establish a new connection: [Errno 113] No route to host'))
2025-10-01 23:08:30,561 - INFO - -> - ⏳ COMPFEST17{07}: QUEUED HTTPSConnectionPool(host='api.ctf-compfest.com', port=443): Max retries exceeded with url: /api/v2/submit (Caused by NewConnectionError('<urllib3.connection.HTTPSConnection object at 0x7dd6f02e5400>: Failed to establish a new connection: [Errno 113] No route to host'))
2025-10-01 23:08:30,561 - INFO - -> - Submission Summary: accepted=0 rejected=0 queued=15
2025-10-01 23:08:30,561 - INFO - -> - Cycle finished; sleeping 26s
2025-10-01 23:08:56,942 - INFO - -> - Starting full-run cycle: signaling all solver threads to run
2025-10-01 23:08:56,943 - INFO - -> - Signaled 1 solver threads this cycle
2025-10-01 23:08:56,960 - INFO - -> - 🏁 [test -> Team #15-29] Found 1 flag(s)
2025-10-01 23:08:56,960 - INFO - -> - 🏁 [test -> Team #4-07] Found 1 flag(s)
2025-10-01 23:08:56,960 - DEBUG - -> - Skipping duplicate pending flag: COMPFEST17{29}
2025-10-01 23:08:56,961 - DEBUG - -> - Skipping duplicate pending flag: COMPFEST17{07}
2025-10-01 23:08:56,976 - INFO - -> - 🏁 [test -> Team #14-27] Found 1 flag(s)
2025-10-01 23:08:56,976 - DEBUG - -> - Skipping duplicate pending flag: COMPFEST17{27}
2025-10-01 23:08:56,976 - INFO - -> - 🏁 [test -> Team #1-01] Found 1 flag(s)
2025-10-01 23:08:56,977 - DEBUG - -> - Skipping duplicate pending flag: COMPFEST17{01}
2025-10-01 23:08:56,991 - INFO - -> - 🏁 [test -> Team #10-19] Found 1 flag(s)
2025-10-01 23:08:56,991 - DEBUG - -> - Skipping duplicate pending flag: COMPFEST17{19}
2025-10-01 23:08:56,993 - INFO - -> - 🏁 [test -> Team #7-13] Found 1 flag(s)
2025-10-01 23:08:56,993 - DEBUG - -> - Skipping duplicate pending flag: COMPFEST17{13}
2025-10-01 23:08:57,008 - INFO - -> - 🏁 [test -> Team #6-11] Found 1 flag(s)
2025-10-01 23:08:57,008 - DEBUG - -> - Skipping duplicate pending flag: COMPFEST17{11}
2025-10-01 23:08:57,009 - INFO - -> - 🏁 [test -> Team #5-09] Found 1 flag(s)
2025-10-01 23:08:57,009 - DEBUG - -> - Skipping duplicate pending flag: COMPFEST17{09}
2025-10-01 23:08:57,023 - INFO - -> - 🏁 [test -> Team #8-15] Found 1 flag(s)
2025-10-01 23:08:57,023 - DEBUG - -> - Skipping duplicate pending flag: COMPFEST17{15}
2025-10-01 23:08:57,025 - INFO - -> - 🏁 [test -> Team #3-05] Found 1 flag(s)
2025-10-01 23:08:57,025 - DEBUG - -> - Skipping duplicate pending flag: COMPFEST17{05}
2025-10-01 23:08:57,039 - INFO - -> - 🏁 [test -> Team #11-21] Found 1 flag(s)
2025-10-01 23:08:57,039 - DEBUG - -> - Skipping duplicate pending flag: COMPFEST17{21}
2025-10-01 23:08:57,041 - INFO - -> - 🏁 [test -> Team #12-23] Found 1 flag(s)
2025-10-01 23:08:57,041 - DEBUG - -> - Skipping duplicate pending flag: COMPFEST17{23}
2025-10-01 23:08:57,056 - INFO - -> - 🏁 [test -> Team #2-03] Found 1 flag(s)
2025-10-01 23:08:57,056 - INFO - -> - 🏁 [test -> Team #9-17] Found 1 flag(s)
2025-10-01 23:08:57,057 - DEBUG - -> - Skipping duplicate pending flag: COMPFEST17{03}
2025-10-01 23:08:57,057 - DEBUG - -> - Skipping duplicate pending flag: COMPFEST17{17}
2025-10-01 23:08:57,073 - INFO - -> - 🏁 [test -> Team #13-25] Found 1 flag(s)
2025-10-01 23:08:57,073 - DEBUG - -> - Skipping duplicate pending flag: COMPFEST17{25}
2025-10-01 23:08:57,444 - INFO - -> - 📤 Candidates for submission (15)
2025-10-01 23:08:57,444 - INFO - -> - 📤 Selected to submit (15)
2025-10-01 23:09:00,516 - INFO - -> - ⏳ COMPFEST17{27}: QUEUED HTTPSConnectionPool(host='api.ctf-compfest.com', port=443): Max retries exceeded with url: /api/v2/submit (Caused by NewConnectionError('<urllib3.connection.HTTPSConnection object at 0x7dd6d27104d0>: Failed to establish a new connection: [Errno 113] No route to host'))
2025-10-01 23:09:00,517 - INFO - -> - ⏳ COMPFEST17{23}: QUEUED HTTPSConnectionPool(host='api.ctf-compfest.com', port=443): Max retries exceeded with url: /api/v2/submit (Caused by NewConnectionError('<urllib3.connection.HTTPSConnection object at 0x7dd6d27104d0>: Failed to establish a new connection: [Errno 113] No route to host'))
2025-10-01 23:09:00,517 - INFO - -> - ⏳ COMPFEST17{25}: QUEUED HTTPSConnectionPool(host='api.ctf-compfest.com', port=443): Max retries exceeded with url: /api/v2/submit (Caused by NewConnectionError('<urllib3.connection.HTTPSConnection object at 0x7dd6d27104d0>: Failed to establish a new connection: [Errno 113] No route to host'))
2025-10-01 23:09:00,517 - INFO - -> - ⏳ COMPFEST17{29}: QUEUED HTTPSConnectionPool(host='api.ctf-compfest.com', port=443): Max retries exceeded with url: /api/v2/submit (Caused by NewConnectionError('<urllib3.connection.HTTPSConnection object at 0x7dd6d27104d0>: Failed to establish a new connection: [Errno 113] No route to host'))
2025-10-01 23:09:00,517 - INFO - -> - ⏳ COMPFEST17{09}: QUEUED HTTPSConnectionPool(host='api.ctf-compfest.com', port=443): Max retries exceeded with url: /api/v2/submit (Caused by NewConnectionError('<urllib3.connection.HTTPSConnection object at 0x7dd6d27104d0>: Failed to establish a new connection: [Errno 113] No route to host'))
2025-10-01 23:09:00,517 - INFO - -> - ⏳ COMPFEST17{19}: QUEUED HTTPSConnectionPool(host='api.ctf-compfest.com', port=443): Max retries exceeded with url: /api/v2/submit (Caused by NewConnectionError('<urllib3.connection.HTTPSConnection object at 0x7dd6d27104d0>: Failed to establish a new connection: [Errno 113] No route to host'))
2025-10-01 23:09:00,517 - INFO - -> - ⏳ COMPFEST17{05}: QUEUED HTTPSConnectionPool(host='api.ctf-compfest.com', port=443): Max retries exceeded with url: /api/v2/submit (Caused by NewConnectionError('<urllib3.connection.HTTPSConnection object at 0x7dd6d27104d0>: Failed to establish a new connection: [Errno 113] No route to host'))
2025-10-01 23:09:00,517 - INFO - -> - ⏳ COMPFEST17{11}: QUEUED HTTPSConnectionPool(host='api.ctf-compfest.com', port=443): Max retries exceeded with url: /api/v2/submit (Caused by NewConnectionError('<urllib3.connection.HTTPSConnection object at 0x7dd6d27104d0>: Failed to establish a new connection: [Errno 113] No route to host'))
2025-10-01 23:09:00,517 - INFO - -> - ⏳ COMPFEST17{03}: QUEUED HTTPSConnectionPool(host='api.ctf-compfest.com', port=443): Max retries exceeded with url: /api/v2/submit (Caused by NewConnectionError('<urllib3.connection.HTTPSConnection object at 0x7dd6d27104d0>: Failed to establish a new connection: [Errno 113] No route to host'))
2025-10-01 23:09:00,517 - INFO - -> - ⏳ COMPFEST17{15}: QUEUED HTTPSConnectionPool(host='api.ctf-compfest.com', port=443): Max retries exceeded with url: /api/v2/submit (Caused by NewConnectionError('<urllib3.connection.HTTPSConnection object at 0x7dd6d27104d0>: Failed to establish a new connection: [Errno 113] No route to host'))
2025-10-01 23:09:00,517 - INFO - -> - ⏳ COMPFEST17{01}: QUEUED HTTPSConnectionPool(host='api.ctf-compfest.com', port=443): Max retries exceeded with url: /api/v2/submit (Caused by NewConnectionError('<urllib3.connection.HTTPSConnection object at 0x7dd6d27104d0>: Failed to establish a new connection: [Errno 113] No route to host'))
2025-10-01 23:09:00,517 - INFO - -> - ⏳ COMPFEST17{17}: QUEUED HTTPSConnectionPool(host='api.ctf-compfest.com', port=443): Max retries exceeded with url: /api/v2/submit (Caused by NewConnectionError('<urllib3.connection.HTTPSConnection object at 0x7dd6d27104d0>: Failed to establish a new connection: [Errno 113] No route to host'))
2025-10-01 23:09:00,517 - INFO - -> - ⏳ COMPFEST17{21}: QUEUED HTTPSConnectionPool(host='api.ctf-compfest.com', port=443): Max retries exceeded with url: /api/v2/submit (Caused by NewConnectionError('<urllib3.connection.HTTPSConnection object at 0x7dd6d27104d0>: Failed to establish a new connection: [Errno 113] No route to host'))
2025-10-01 23:09:00,517 - INFO - -> - ⏳ COMPFEST17{13}: QUEUED HTTPSConnectionPool(host='api.ctf-compfest.com', port=443): Max retries exceeded with url: /api/v2/submit (Caused by NewConnectionError('<urllib3.connection.HTTPSConnection object at 0x7dd6d27104d0>: Failed to establish a new connection: [Errno 113] No route to host'))
2025-10-01 23:09:00,517 - INFO - -> - ⏳ COMPFEST17{07}: QUEUED HTTPSConnectionPool(host='api.ctf-compfest.com', port=443): Max retries exceeded with url: /api/v2/submit (Caused by NewConnectionError('<urllib3.connection.HTTPSConnection object at 0x7dd6d27104d0>: Failed to establish a new connection: [Errno 113] No route to host'))
2025-10-01 23:09:00,517 - INFO - -> - Submission Summary: accepted=0 rejected=0 queued=15
2025-10-01 23:09:00,518 - INFO - -> - Cycle finished; sleeping 26s
2025-10-01 23:09:04,513 - INFO - -> - Starting enhanced runner: per-solver threads ALWAYS on. Per-solver concurrent attacks=True
2025-10-01 23:09:04,557 - INFO - -> - Initialized SQLite DB for flags
2025-10-01 23:09:04,569 - INFO - -> - Starting full-run cycle: signaling all solver threads to run
2025-10-01 23:09:04,571 - INFO - -> - Solver thread started for test.py
2025-10-01 23:09:04,571 - INFO - -> - Signaled 1 solver threads this cycle
2025-10-01 23:09:04,572 - INFO - -> - Watcher started, initial solvers=1
2025-10-01 23:09:04,573 - DEBUG - -> - Skipping already in-progress test.py -> Team #9-17
2025-10-01 23:09:04,574 - DEBUG - -> - Skipping already in-progress test.py -> Team #13-25
2025-10-01 23:09:04,574 - DEBUG - -> - Skipping already in-progress test.py -> Team #5-09
2025-10-01 23:09:04,574 - DEBUG - -> - Skipping already in-progress test.py -> Team #3-05
2025-10-01 23:09:04,574 - DEBUG - -> - Skipping already in-progress test.py -> Team #1-01
2025-10-01 23:09:04,574 - DEBUG - -> - Skipping already in-progress test.py -> Team #7-13
2025-10-01 23:09:04,574 - DEBUG - -> - Skipping already in-progress test.py -> Team #2-03
2025-10-01 23:09:04,574 - DEBUG - -> - Skipping already in-progress test.py -> Team #12-23
2025-10-01 23:09:04,575 - DEBUG - -> - Skipping already in-progress test.py -> Team #11-21
2025-10-01 23:09:04,575 - DEBUG - -> - Skipping already in-progress test.py -> Team #10-19
2025-10-01 23:09:04,575 - DEBUG - -> - Skipping already in-progress test.py -> Team #14-27
2025-10-01 23:09:04,575 - DEBUG - -> - Skipping already in-progress test.py -> Team #8-15
2025-10-01 23:09:04,575 - DEBUG - -> - Skipping already in-progress test.py -> Team #6-11
2025-10-01 23:09:04,575 - DEBUG - -> - Skipping already in-progress test.py -> Team #4-07
2025-10-01 23:09:04,575 - DEBUG - -> - Skipping already in-progress test.py -> Team #15-29
2025-10-01 23:09:04,604 - INFO - -> - 🏁 [test -> Team #6-11] Found 1 flag(s)
2025-10-01 23:09:04,610 - INFO - -> - 🏁 [test -> Team #2-03] Found 1 flag(s)
2025-10-01 23:09:04,610 - DEBUG - -> - Skipping duplicate pending flag: COMPFEST17{11}
2025-10-01 23:09:04,610 - DEBUG - -> - Skipping duplicate pending flag: COMPFEST17{03}
2025-10-01 23:09:04,631 - INFO - -> - 🏁 [test -> Team #7-13] Found 1 flag(s)
2025-10-01 23:09:04,631 - INFO - -> - 🏁 [test -> Team #9-17] Found 1 flag(s)
2025-10-01 23:09:04,631 - DEBUG - -> - Skipping duplicate pending flag: COMPFEST17{13}
2025-10-01 23:09:04,632 - DEBUG - -> - Skipping duplicate pending flag: COMPFEST17{17}
2025-10-01 23:09:04,652 - INFO - -> - 🏁 [test -> Team #4-07] Found 1 flag(s)
2025-10-01 23:09:04,652 - INFO - -> - 🏁 [test -> Team #3-05] Found 1 flag(s)
2025-10-01 23:09:04,652 - DEBUG - -> - Skipping duplicate pending flag: COMPFEST17{07}
2025-10-01 23:09:04,653 - DEBUG - -> - Skipping duplicate pending flag: COMPFEST17{05}
2025-10-01 23:09:04,672 - INFO - -> - 🏁 [test -> Team #8-15] Found 1 flag(s)
2025-10-01 23:09:04,672 - INFO - -> - 🏁 [test -> Team #11-21] Found 1 flag(s)
2025-10-01 23:09:04,673 - DEBUG - -> - Skipping duplicate pending flag: COMPFEST17{15}
2025-10-01 23:09:04,673 - DEBUG - -> - Skipping duplicate pending flag: COMPFEST17{21}
2025-10-01 23:09:04,690 - INFO - -> - 🏁 [test -> Team #5-09] Found 1 flag(s)
2025-10-01 23:09:04,690 - INFO - -> - 🏁 [test -> Team #12-23] Found 1 flag(s)
2025-10-01 23:09:04,690 - DEBUG - -> - Skipping duplicate pending flag: COMPFEST17{09}
2025-10-01 23:09:04,691 - DEBUG - -> - Skipping duplicate pending flag: COMPFEST17{23}
2025-10-01 23:09:04,705 - INFO - -> - 🏁 [test -> Team #15-29] Found 1 flag(s)
2025-10-01 23:09:04,706 - INFO - -> - 🏁 [test -> Team #14-27] Found 1 flag(s)
2025-10-01 23:09:04,706 - DEBUG - -> - Skipping duplicate pending flag: COMPFEST17{29}
2025-10-01 23:09:04,706 - DEBUG - -> - Skipping duplicate pending flag: COMPFEST17{27}
2025-10-01 23:09:04,721 - INFO - -> - 🏁 [test -> Team #10-19] Found 1 flag(s)
2025-10-01 23:09:04,721 - DEBUG - -> - Skipping duplicate pending flag: COMPFEST17{19}
2025-10-01 23:09:04,722 - INFO - -> - 🏁 [test -> Team #13-25] Found 1 flag(s)
2025-10-01 23:09:04,723 - DEBUG - -> - Skipping duplicate pending flag: COMPFEST17{25}
2025-10-01 23:09:04,735 - INFO - -> - 🏁 [test -> Team #1-01] Found 1 flag(s)
2025-10-01 23:09:04,735 - DEBUG - -> - Skipping duplicate pending flag: COMPFEST17{01}
2025-10-01 23:09:05,072 - INFO - -> - 📤 Candidates for submission (15)
2025-10-01 23:09:05,072 - INFO - -> - 📤 Selected to submit (15)
2025-10-01 23:09:08,127 - INFO - -> - ⏳ COMPFEST17{09}: QUEUED HTTPSConnectionPool(host='api.ctf-compfest.com', port=443): Max retries exceeded with url: /api/v2/submit (Caused by NewConnectionError('<urllib3.connection.HTTPSConnection object at 0x7ba4a0278b00>: Failed to establish a new connection: [Errno 113] No route to host'))
2025-10-01 23:09:08,127 - INFO - -> - ⏳ COMPFEST17{03}: QUEUED HTTPSConnectionPool(host='api.ctf-compfest.com', port=443): Max retries exceeded with url: /api/v2/submit (Caused by NewConnectionError('<urllib3.connection.HTTPSConnection object at 0x7ba4a0278b00>: Failed to establish a new connection: [Errno 113] No route to host'))
2025-10-01 23:09:08,127 - INFO - -> - ⏳ COMPFEST17{27}: QUEUED HTTPSConnectionPool(host='api.ctf-compfest.com', port=443): Max retries exceeded with url: /api/v2/submit (Caused by NewConnectionError('<urllib3.connection.HTTPSConnection object at 0x7ba4a0278b00>: Failed to establish a new connection: [Errno 113] No route to host'))
2025-10-01 23:09:08,127 - INFO - -> - ⏳ COMPFEST17{11}: QUEUED HTTPSConnectionPool(host='api.ctf-compfest.com', port=443): Max retries exceeded with url: /api/v2/submit (Caused by NewConnectionError('<urllib3.connection.HTTPSConnection object at 0x7ba4a0278b00>: Failed to establish a new connection: [Errno 113] No route to host'))
2025-10-01 23:09:08,127 - INFO - -> - ⏳ COMPFEST17{01}: QUEUED HTTPSConnectionPool(host='api.ctf-compfest.com', port=443): Max retries exceeded with url: /api/v2/submit (Caused by NewConnectionError('<urllib3.connection.HTTPSConnection object at 0x7ba4a0278b00>: Failed to establish a new connection: [Errno 113] No route to host'))
2025-10-01 23:09:08,127 - INFO - -> - ⏳ COMPFEST17{05}: QUEUED HTTPSConnectionPool(host='api.ctf-compfest.com', port=443): Max retries exceeded with url: /api/v2/submit (Caused by NewConnectionError('<urllib3.connection.HTTPSConnection object at 0x7ba4a0278b00>: Failed to establish a new connection: [Errno 113] No route to host'))
2025-10-01 23:09:08,127 - INFO - -> - ⏳ COMPFEST17{21}: QUEUED HTTPSConnectionPool(host='api.ctf-compfest.com', port=443): Max retries exceeded with url: /api/v2/submit (Caused by NewConnectionError('<urllib3.connection.HTTPSConnection object at 0x7ba4a0278b00>: Failed to establish a new connection: [Errno 113] No route to host'))
2025-10-01 23:09:08,127 - INFO - -> - ⏳ COMPFEST17{13}: QUEUED HTTPSConnectionPool(host='api.ctf-compfest.com', port=443): Max retries exceeded with url: /api/v2/submit (Caused by NewConnectionError('<urllib3.connection.HTTPSConnection object at 0x7ba4a0278b00>: Failed to establish a new connection: [Errno 113] No route to host'))
2025-10-01 23:09:08,127 - INFO - -> - ⏳ COMPFEST17{07}: QUEUED HTTPSConnectionPool(host='api.ctf-compfest.com', port=443): Max retries exceeded with url: /api/v2/submit (Caused by NewConnectionError('<urllib3.connection.HTTPSConnection object at 0x7ba4a0278b00>: Failed to establish a new connection: [Errno 113] No route to host'))
2025-10-01 23:09:08,128 - INFO - -> - ⏳ COMPFEST17{17}: QUEUED HTTPSConnectionPool(host='api.ctf-compfest.com', port=443): Max retries exceeded with url: /api/v2/submit (Caused by NewConnectionError('<urllib3.connection.HTTPSConnection object at 0x7ba4a0278b00>: Failed to establish a new connection: [Errno 113] No route to host'))
2025-10-01 23:09:08,128 - INFO - -> - ⏳ COMPFEST17{25}: QUEUED HTTPSConnectionPool(host='api.ctf-compfest.com', port=443): Max retries exceeded with url: /api/v2/submit (Caused by NewConnectionError('<urllib3.connection.HTTPSConnection object at 0x7ba4a0278b00>: Failed to establish a new connection: [Errno 113] No route to host'))
2025-10-01 23:09:08,128 - INFO - -> - ⏳ COMPFEST17{19}: QUEUED HTTPSConnectionPool(host='api.ctf-compfest.com', port=443): Max retries exceeded with url: /api/v2/submit (Caused by NewConnectionError('<urllib3.connection.HTTPSConnection object at 0x7ba4a0278b00>: Failed to establish a new connection: [Errno 113] No route to host'))
2025-10-01 23:09:08,128 - INFO - -> - ⏳ COMPFEST17{23}: QUEUED HTTPSConnectionPool(host='api.ctf-compfest.com', port=443): Max retries exceeded with url: /api/v2/submit (Caused by NewConnectionError('<urllib3.connection.HTTPSConnection object at 0x7ba4a0278b00>: Failed to establish a new connection: [Errno 113] No route to host'))
2025-10-01 23:09:08,128 - INFO - -> - ⏳ COMPFEST17{15}: QUEUED HTTPSConnectionPool(host='api.ctf-compfest.com', port=443): Max retries exceeded with url: /api/v2/submit (Caused by NewConnectionError('<urllib3.connection.HTTPSConnection object at 0x7ba4a0278b00>: Failed to establish a new connection: [Errno 113] No route to host'))
2025-10-01 23:09:08,128 - INFO - -> - ⏳ COMPFEST17{29}: QUEUED HTTPSConnectionPool(host='api.ctf-compfest.com', port=443): Max retries exceeded with url: /api/v2/submit (Caused by NewConnectionError('<urllib3.connection.HTTPSConnection object at 0x7ba4a0278b00>: Failed to establish a new connection: [Errno 113] No route to host'))
2025-10-01 23:09:08,128 - INFO - -> - Submission Summary: accepted=0 rejected=0 queued=15
2025-10-01 23:09:08,128 - INFO - -> - Cycle finished; sleeping 26s
2025-10-01 23:09:13,173 - INFO - -> - Starting enhanced runner: per-solver threads ALWAYS on. Per-solver concurrent attacks=True
2025-10-01 23:09:13,216 - INFO - -> - Initialized SQLite DB for flags
2025-10-01 23:09:13,232 - INFO - -> - Starting full-run cycle: signaling all solver threads to run
2025-10-01 23:09:13,241 - INFO - -> - Solver thread started for test.py
2025-10-01 23:09:13,241 - INFO - -> - Signaled 1 solver threads this cycle
2025-10-01 23:09:13,242 - INFO - -> - Watcher started, initial solvers=1
2025-10-01 23:09:13,244 - DEBUG - -> - Skipping already in-progress test.py -> Team #5-09
2025-10-01 23:09:13,244 - DEBUG - -> - Skipping already in-progress test.py -> Team #7-13
2025-10-01 23:09:13,244 - DEBUG - -> - Skipping already in-progress test.py -> Team #6-11
2025-10-01 23:09:13,245 - DEBUG - -> - Skipping already in-progress test.py -> Team #8-15
2025-10-01 23:09:13,245 - DEBUG - -> - Skipping already in-progress test.py -> Team #11-21
2025-10-01 23:09:13,245 - DEBUG - -> - Skipping already in-progress test.py -> Team #12-23
2025-10-01 23:09:13,245 - DEBUG - -> - Skipping already in-progress test.py -> Team #13-25
2025-10-01 23:09:13,245 - DEBUG - -> - Skipping already in-progress test.py -> Team #14-27
2025-10-01 23:09:13,245 - DEBUG - -> - Skipping already in-progress test.py -> Team #10-19
2025-10-01 23:09:13,245 - DEBUG - -> - Skipping already in-progress test.py -> Team #9-17
2025-10-01 23:09:13,245 - DEBUG - -> - Skipping already in-progress test.py -> Team #3-05
2025-10-01 23:09:13,245 - DEBUG - -> - Skipping already in-progress test.py -> Team #4-07
2025-10-01 23:09:13,245 - DEBUG - -> - Skipping already in-progress test.py -> Team #1-01
2025-10-01 23:09:13,245 - DEBUG - -> - Skipping already in-progress test.py -> Team #2-03
2025-10-01 23:09:13,245 - DEBUG - -> - Skipping already in-progress test.py -> Team #15-29
2025-10-01 23:09:13,287 - INFO - -> - 🏁 [test -> Team #9-17] Found 1 flag(s)
2025-10-01 23:09:13,288 - INFO - -> - 🏁 [test -> Team #10-19] Found 1 flag(s)
2025-10-01 23:09:13,288 - DEBUG - -> - Skipping duplicate pending flag: COMPFEST17{17}
2025-10-01 23:09:13,288 - DEBUG - -> - Skipping duplicate pending flag: COMPFEST17{19}
2025-10-01 23:09:13,304 - INFO - -> - 🏁 [test -> Team #7-13] Found 1 flag(s)
2025-10-01 23:09:13,304 - DEBUG - -> - Skipping duplicate pending flag: COMPFEST17{13}
2025-10-01 23:09:13,306 - INFO - -> - 🏁 [test -> Team #1-01] Found 1 flag(s)
2025-10-01 23:09:13,306 - DEBUG - -> - Skipping duplicate pending flag: COMPFEST17{01}
2025-10-01 23:09:13,319 - INFO - -> - 🏁 [test -> Team #14-27] Found 1 flag(s)
2025-10-01 23:09:13,319 - DEBUG - -> - Skipping duplicate pending flag: COMPFEST17{27}
2025-10-01 23:09:13,321 - INFO - -> - 🏁 [test -> Team #8-15] Found 1 flag(s)
2025-10-01 23:09:13,322 - DEBUG - -> - Skipping duplicate pending flag: COMPFEST17{15}
2025-10-01 23:09:13,334 - INFO - -> - 🏁 [test -> Team #13-25] Found 1 flag(s)
2025-10-01 23:09:13,334 - DEBUG - -> - Skipping duplicate pending flag: COMPFEST17{25}
2025-10-01 23:09:13,339 - INFO - -> - 🏁 [test -> Team #2-03] Found 1 flag(s)
2025-10-01 23:09:13,340 - DEBUG - -> - Skipping duplicate pending flag: COMPFEST17{03}
2025-10-01 23:09:13,350 - INFO - -> - 🏁 [test -> Team #4-07] Found 1 flag(s)
2025-10-01 23:09:13,350 - DEBUG - -> - Skipping duplicate pending flag: COMPFEST17{07}
2025-10-01 23:09:13,355 - INFO - -> - 🏁 [test -> Team #11-21] Found 1 flag(s)
2025-10-01 23:09:13,355 - DEBUG - -> - Skipping duplicate pending flag: COMPFEST17{21}
2025-10-01 23:09:13,366 - INFO - -> - 🏁 [test -> Team #15-29] Found 1 flag(s)
2025-10-01 23:09:13,367 - DEBUG - -> - Skipping duplicate pending flag: COMPFEST17{29}
2025-10-01 23:09:13,369 - INFO - -> - 🏁 [test -> Team #5-09] Found 1 flag(s)
2025-10-01 23:09:13,370 - DEBUG - -> - Skipping duplicate pending flag: COMPFEST17{09}
2025-10-01 23:09:13,382 - INFO - -> - 🏁 [test -> Team #12-23] Found 1 flag(s)
2025-10-01 23:09:13,383 - DEBUG - -> - Skipping duplicate pending flag: COMPFEST17{23}
2025-10-01 23:09:13,384 - INFO - -> - 🏁 [test -> Team #6-11] Found 1 flag(s)
2025-10-01 23:09:13,385 - DEBUG - -> - Skipping duplicate pending flag: COMPFEST17{11}
2025-10-01 23:09:13,397 - INFO - -> - 🏁 [test -> Team #3-05] Found 1 flag(s)
2025-10-01 23:09:13,397 - DEBUG - -> - Skipping duplicate pending flag: COMPFEST17{05}
2025-10-01 23:09:13,742 - INFO - -> - 📤 Candidates for submission (15)
2025-10-01 23:09:13,742 - INFO - -> - 📤 Selected to submit (15)
2025-10-01 23:09:23,016 - INFO - -> - Starting enhanced runner: per-solver threads ALWAYS on. Per-solver concurrent attacks=True
2025-10-01 23:09:23,056 - INFO - -> - Initialized SQLite DB for flags
2025-10-01 23:09:23,072 - INFO - -> - Starting full-run cycle: signaling all solver threads to run
2025-10-01 23:09:23,075 - INFO - -> - Solver thread started for test.py
2025-10-01 23:09:23,075 - INFO - -> - Signaled 1 solver threads this cycle
2025-10-01 23:09:23,077 - INFO - -> - Watcher started, initial solvers=1
2025-10-01 23:09:23,078 - DEBUG - -> - Skipping already in-progress test.py -> Team #4-07
2025-10-01 23:09:23,078 - DEBUG - -> - Skipping already in-progress test.py -> Team #10-19
2025-10-01 23:09:23,079 - DEBUG - -> - Skipping already in-progress test.py -> Team #11-21
2025-10-01 23:09:23,079 - DEBUG - -> - Skipping already in-progress test.py -> Team #2-03
2025-10-01 23:09:23,079 - DEBUG - -> - Skipping already in-progress test.py -> Team #7-13
2025-10-01 23:09:23,079 - DEBUG - -> - Skipping already in-progress test.py -> Team #9-17
2025-10-01 23:09:23,079 - DEBUG - -> - Skipping already in-progress test.py -> Team #13-25
2025-10-01 23:09:23,079 - DEBUG - -> - Skipping already in-progress test.py -> Team #15-29
2025-10-01 23:09:23,079 - DEBUG - -> - Skipping already in-progress test.py -> Team #8-15
2025-10-01 23:09:23,079 - DEBUG - -> - Skipping already in-progress test.py -> Team #14-27
2025-10-01 23:09:23,079 - DEBUG - -> - Skipping already in-progress test.py -> Team #1-01
2025-10-01 23:09:23,079 - DEBUG - -> - Skipping already in-progress test.py -> Team #12-23
2025-10-01 23:09:23,079 - DEBUG - -> - Skipping already in-progress test.py -> Team #3-05
2025-10-01 23:09:23,080 - DEBUG - -> - Skipping already in-progress test.py -> Team #5-09
2025-10-01 23:09:23,080 - DEBUG - -> - Skipping already in-progress test.py -> Team #6-11
2025-10-01 23:09:23,109 - INFO - -> - 🏁 [test -> Team #8-15] Found 1 flag(s)
2025-10-01 23:09:23,122 - INFO - -> - 🏁 [test -> Team #4-07] Found 1 flag(s)
2025-10-01 23:09:23,122 - DEBUG - -> - Skipping duplicate pending flag: COMPFEST17{15}
2025-10-01 23:09:23,122 - DEBUG - -> - Skipping duplicate pending flag: COMPFEST17{07}
2025-10-01 23:09:23,137 - INFO - -> - 🏁 [test -> Team #6-11] Found 1 flag(s)
2025-10-01 23:09:23,137 - DEBUG - -> - Skipping duplicate pending flag: COMPFEST17{11}
2025-10-01 23:09:23,138 - INFO - -> - 🏁 [test -> Team #2-03] Found 1 flag(s)
2025-10-01 23:09:23,139 - DEBUG - -> - Skipping duplicate pending flag: COMPFEST17{03}
2025-10-01 23:09:23,153 - INFO - -> - 🏁 [test -> Team #11-21] Found 1 flag(s)
2025-10-01 23:09:23,153 - DEBUG - -> - Skipping duplicate pending flag: COMPFEST17{21}
2025-10-01 23:09:23,156 - INFO - -> - 🏁 [test -> Team #1-01] Found 1 flag(s)
2025-10-01 23:09:23,157 - DEBUG - -> - Skipping duplicate pending flag: COMPFEST17{01}
2025-10-01 23:09:23,171 - INFO - -> - 🏁 [test -> Team #10-19] Found 1 flag(s)
2025-10-01 23:09:23,171 - DEBUG - -> - Skipping duplicate pending flag: COMPFEST17{19}
2025-10-01 23:09:23,171 - INFO - -> - 🏁 [test -> Team #7-13] Found 1 flag(s)
2025-10-01 23:09:23,172 - DEBUG - -> - Skipping duplicate pending flag: COMPFEST17{13}
2025-10-01 23:09:23,186 - INFO - -> - 🏁 [test -> Team #14-27] Found 1 flag(s)
2025-10-01 23:09:23,186 - INFO - -> - 🏁 [test -> Team #3-05] Found 1 flag(s)
2025-10-01 23:09:23,186 - DEBUG - -> - Skipping duplicate pending flag: COMPFEST17{27}
2025-10-01 23:09:23,186 - DEBUG - -> - Skipping duplicate pending flag: COMPFEST17{05}
2025-10-01 23:09:23,201 - INFO - -> - 🏁 [test -> Team #15-29] Found 1 flag(s)
2025-10-01 23:09:23,201 - DEBUG - -> - Skipping duplicate pending flag: COMPFEST17{29}
2025-10-01 23:09:23,203 - INFO - -> - 🏁 [test -> Team #5-09] Found 1 flag(s)
2025-10-01 23:09:23,203 - DEBUG - -> - Skipping duplicate pending flag: COMPFEST17{09}
2025-10-01 23:09:23,216 - INFO - -> - 🏁 [test -> Team #13-25] Found 1 flag(s)
2025-10-01 23:09:23,216 - DEBUG - -> - Skipping duplicate pending flag: COMPFEST17{25}
2025-10-01 23:09:23,218 - INFO - -> - 🏁 [test -> Team #12-23] Found 1 flag(s)
2025-10-01 23:09:23,218 - DEBUG - -> - Skipping duplicate pending flag: COMPFEST17{23}
2025-10-01 23:09:23,232 - INFO - -> - 🏁 [test -> Team #9-17] Found 1 flag(s)
2025-10-01 23:09:23,233 - DEBUG - -> - Skipping duplicate pending flag: COMPFEST17{17}
2025-10-01 23:09:23,576 - INFO - -> - 📤 Candidates for submission (15)
2025-10-01 23:09:23,576 - INFO - -> - 📤 Selected to submit (15)
2025-10-01 23:09:58,869 - INFO - -> - Starting enhanced runner: per-solver threads ALWAYS on. Per-solver concurrent attacks=True
2025-10-01 23:09:58,906 - INFO - -> - Initialized SQLite DB for flags
2025-10-01 23:09:58,917 - INFO - -> - Starting full-run cycle: signaling all solver threads to run
2025-10-01 23:09:58,939 - INFO - -> - Solver thread started for test.py
2025-10-01 23:09:58,939 - INFO - -> - Signaled 1 solver threads this cycle
2025-10-01 23:09:58,940 - INFO - -> - Watcher started, initial solvers=1
2025-10-01 23:09:58,942 - DEBUG - -> - Skipping already in-progress test.py -> Team #11-21
2025-10-01 23:09:58,942 - DEBUG - -> - Skipping already in-progress test.py -> Team #6-11
2025-10-01 23:09:58,943 - DEBUG - -> - Skipping already in-progress test.py -> Team #14-27
2025-10-01 23:09:58,943 - DEBUG - -> - Skipping already in-progress test.py -> Team #4-07
2025-10-01 23:09:58,943 - DEBUG - -> - Skipping already in-progress test.py -> Team #5-09
2025-10-01 23:09:58,943 - DEBUG - -> - Skipping already in-progress test.py -> Team #3-05
2025-10-01 23:09:58,943 - DEBUG - -> - Skipping already in-progress test.py -> Team #8-15
2025-10-01 23:09:58,943 - DEBUG - -> - Skipping already in-progress test.py -> Team #13-25
2025-10-01 23:09:58,943 - DEBUG - -> - Skipping already in-progress test.py -> Team #2-03
2025-10-01 23:09:58,943 - DEBUG - -> - Skipping already in-progress test.py -> Team #10-19
2025-10-01 23:09:58,944 - DEBUG - -> - Skipping already in-progress test.py -> Team #9-17
2025-10-01 23:09:58,944 - DEBUG - -> - Skipping already in-progress test.py -> Team #12-23
2025-10-01 23:09:58,944 - DEBUG - -> - Skipping already in-progress test.py -> Team #15-29
2025-10-01 23:09:58,944 - DEBUG - -> - Skipping already in-progress test.py -> Team #7-13
2025-10-01 23:09:58,944 - DEBUG - -> - Skipping already in-progress test.py -> Team #1-01
2025-10-01 23:09:58,981 - INFO - -> - 🏁 [test -> Team #11-21] Found 1 flag(s)
2025-10-01 23:09:58,982 - INFO - -> - 🏁 [test -> Team #9-17] Found 1 flag(s)
2025-10-01 23:09:58,982 - DEBUG - -> - Skipping duplicate pending flag: COMPFEST17{21}
2025-10-01 23:09:58,983 - DEBUG - -> - Skipping duplicate pending flag: COMPFEST17{17}
2025-10-01 23:09:59,002 - INFO - -> - 🏁 [test -> Team #8-15] Found 1 flag(s)
2025-10-01 23:09:59,002 - DEBUG - -> - Skipping duplicate pending flag: COMPFEST17{15}
2025-10-01 23:09:59,006 - INFO - -> - 🏁 [test -> Team #6-11] Found 1 flag(s)
2025-10-01 23:09:59,007 - DEBUG - -> - Skipping duplicate pending flag: COMPFEST17{11}
2025-10-01 23:09:59,023 - INFO - -> - 🏁 [test -> Team #5-09] Found 1 flag(s)
2025-10-01 23:09:59,023 - DEBUG - -> - Skipping duplicate pending flag: COMPFEST17{09}
2025-10-01 23:09:59,025 - INFO - -> - 🏁 [test -> Team #10-19] Found 1 flag(s)
2025-10-01 23:09:59,025 - DEBUG - -> - Skipping duplicate pending flag: COMPFEST17{19}
2025-10-01 23:09:59,039 - INFO - -> - 🏁 [test -> Team #7-13] Found 1 flag(s)
2025-10-01 23:09:59,040 - DEBUG - -> - Skipping duplicate pending flag: COMPFEST17{13}
2025-10-01 23:09:59,041 - INFO - -> - 🏁 [test -> Team #2-03] Found 1 flag(s)
2025-10-01 23:09:59,041 - DEBUG - -> - Skipping duplicate pending flag: COMPFEST17{03}
2025-10-01 23:09:59,056 - INFO - -> - 🏁 [test -> Team #13-25] Found 1 flag(s)
2025-10-01 23:09:59,056 - DEBUG - -> - Skipping duplicate pending flag: COMPFEST17{25}
2025-10-01 23:09:59,057 - INFO - -> - 🏁 [test -> Team #3-05] Found 1 flag(s)
2025-10-01 23:09:59,058 - DEBUG - -> - Skipping duplicate pending flag: COMPFEST17{05}
2025-10-01 23:09:59,073 - INFO - -> - 🏁 [test -> Team #1-01] Found 1 flag(s)
2025-10-01 23:09:59,073 - DEBUG - -> - Skipping duplicate pending flag: COMPFEST17{01}
2025-10-01 23:09:59,074 - INFO - -> - 🏁 [test -> Team #15-29] Found 1 flag(s)
2025-10-01 23:09:59,074 - DEBUG - -> - Skipping duplicate pending flag: COMPFEST17{29}
2025-10-01 23:09:59,088 - INFO - -> - 🏁 [test -> Team #14-27] Found 1 flag(s)
2025-10-01 23:09:59,088 - DEBUG - -> - Skipping duplicate pending flag: COMPFEST17{27}
2025-10-01 23:09:59,090 - INFO - -> - 🏁 [test -> Team #12-23] Found 1 flag(s)
2025-10-01 23:09:59,090 - DEBUG - -> - Skipping duplicate pending flag: COMPFEST17{23}
2025-10-01 23:09:59,104 - INFO - -> - 🏁 [test -> Team #4-07] Found 1 flag(s)
2025-10-01 23:09:59,104 - DEBUG - -> - Skipping duplicate pending flag: COMPFEST17{07}
2025-10-01 23:09:59,440 - INFO - -> - 📤 Candidates for submission (15)
2025-10-01 23:09:59,440 - INFO - -> - 📤 Selected to submit (15)
2025-10-01 23:10:02,528 - INFO - -> - ⏳ COMPFEST17{21}: QUEUED HTTPSConnectionPool(host='api.ctf-compfest.com', port=443): Max retries exceeded with url: /api/v2/submit (Caused by NewConnectionError('<urllib3.connection.HTTPSConnection object at 0x78bd20360290>: Failed to establish a new connection: [Errno 113] No route to host'))
2025-10-01 23:10:02,528 - INFO - -> - ⏳ COMPFEST17{17}: QUEUED HTTPSConnectionPool(host='api.ctf-compfest.com', port=443): Max retries exceeded with url: /api/v2/submit (Caused by NewConnectionError('<urllib3.connection.HTTPSConnection object at 0x78bd20360290>: Failed to establish a new connection: [Errno 113] No route to host'))
2025-10-01 23:10:02,528 - INFO - -> - ⏳ COMPFEST17{25}: QUEUED HTTPSConnectionPool(host='api.ctf-compfest.com', port=443): Max retries exceeded with url: /api/v2/submit (Caused by NewConnectionError('<urllib3.connection.HTTPSConnection object at 0x78bd20360290>: Failed to establish a new connection: [Errno 113] No route to host'))
2025-10-01 23:10:02,528 - INFO - -> - ⏳ COMPFEST17{27}: QUEUED HTTPSConnectionPool(host='api.ctf-compfest.com', port=443): Max retries exceeded with url: /api/v2/submit (Caused by NewConnectionError('<urllib3.connection.HTTPSConnection object at 0x78bd20360290>: Failed to establish a new connection: [Errno 113] No route to host'))
2025-10-01 23:10:02,528 - INFO - -> - ⏳ COMPFEST17{09}: QUEUED HTTPSConnectionPool(host='api.ctf-compfest.com', port=443): Max retries exceeded with url: /api/v2/submit (Caused by NewConnectionError('<urllib3.connection.HTTPSConnection object at 0x78bd20360290>: Failed to establish a new connection: [Errno 113] No route to host'))
2025-10-01 23:10:02,528 - INFO - -> - ⏳ COMPFEST17{19}: QUEUED HTTPSConnectionPool(host='api.ctf-compfest.com', port=443): Max retries exceeded with url: /api/v2/submit (Caused by NewConnectionError('<urllib3.connection.HTTPSConnection object at 0x78bd20360290>: Failed to establish a new connection: [Errno 113] No route to host'))
2025-10-01 23:10:02,528 - INFO - -> - ⏳ COMPFEST17{03}: QUEUED HTTPSConnectionPool(host='api.ctf-compfest.com', port=443): Max retries exceeded with url: /api/v2/submit (Caused by NewConnectionError('<urllib3.connection.HTTPSConnection object at 0x78bd20360290>: Failed to establish a new connection: [Errno 113] No route to host'))
2025-10-01 23:10:02,528 - INFO - -> - ⏳ COMPFEST17{11}: QUEUED HTTPSConnectionPool(host='api.ctf-compfest.com', port=443): Max retries exceeded with url: /api/v2/submit (Caused by NewConnectionError('<urllib3.connection.HTTPSConnection object at 0x78bd20360290>: Failed to establish a new connection: [Errno 113] No route to host'))
2025-10-01 23:10:02,528 - INFO - -> - ⏳ COMPFEST17{15}: QUEUED HTTPSConnectionPool(host='api.ctf-compfest.com', port=443): Max retries exceeded with url: /api/v2/submit (Caused by NewConnectionError('<urllib3.connection.HTTPSConnection object at 0x78bd20360290>: Failed to establish a new connection: [Errno 113] No route to host'))
2025-10-01 23:10:02,528 - INFO - -> - ⏳ COMPFEST17{23}: QUEUED HTTPSConnectionPool(host='api.ctf-compfest.com', port=443): Max retries exceeded with url: /api/v2/submit (Caused by NewConnectionError('<urllib3.connection.HTTPSConnection object at 0x78bd20360290>: Failed to establish a new connection: [Errno 113] No route to host'))
2025-10-01 23:10:02,528 - INFO - -> - ⏳ COMPFEST17{05}: QUEUED HTTPSConnectionPool(host='api.ctf-compfest.com', port=443): Max retries exceeded with url: /api/v2/submit (Caused by NewConnectionError('<urllib3.connection.HTTPSConnection object at 0x78bd20360290>: Failed to establish a new connection: [Errno 113] No route to host'))
2025-10-01 23:10:02,528 - INFO - -> - ⏳ COMPFEST17{07}: QUEUED HTTPSConnectionPool(host='api.ctf-compfest.com', port=443): Max retries exceeded with url: /api/v2/submit (Caused by NewConnectionError('<urllib3.connection.HTTPSConnection object at 0x78bd20360290>: Failed to establish a new connection: [Errno 113] No route to host'))
2025-10-01 23:10:02,528 - INFO - -> - ⏳ COMPFEST17{01}: QUEUED HTTPSConnectionPool(host='api.ctf-compfest.com', port=443): Max retries exceeded with url: /api/v2/submit (Caused by NewConnectionError('<urllib3.connection.HTTPSConnection object at 0x78bd20360290>: Failed to establish a new connection: [Errno 113] No route to host'))
2025-10-01 23:10:02,528 - INFO - -> - ⏳ COMPFEST17{29}: QUEUED HTTPSConnectionPool(host='api.ctf-compfest.com', port=443): Max retries exceeded with url: /api/v2/submit (Caused by NewConnectionError('<urllib3.connection.HTTPSConnection object at 0x78bd20360290>: Failed to establish a new connection: [Errno 113] No route to host'))
2025-10-01 23:10:02,528 - INFO - -> - ⏳ COMPFEST17{13}: QUEUED HTTPSConnectionPool(host='api.ctf-compfest.com', port=443): Max retries exceeded with url: /api/v2/submit (Caused by NewConnectionError('<urllib3.connection.HTTPSConnection object at 0x78bd20360290>: Failed to establish a new connection: [Errno 113] No route to host'))
2025-10-01 23:10:02,528 - INFO - -> - Submission Summary: accepted=0 rejected=0 queued=15
2025-10-01 23:10:02,529 - INFO - -> - Cycle finished; sleeping 26s
2025-10-01 23:10:28,917 - INFO - -> - Starting full-run cycle: signaling all solver threads to run
2025-10-01 23:10:28,918 - INFO - -> - Signaled 1 solver threads this cycle
2025-10-01 23:10:28,935 - INFO - -> - 🏁 [test -> Team #10-19] Found 1 flag(s)
2025-10-01 23:10:28,936 - INFO - -> - 🏁 [test -> Team #3-05] Found 1 flag(s)
2025-10-01 23:10:28,936 - DEBUG - -> - Skipping duplicate pending flag: COMPFEST17{19}
2025-10-01 23:10:28,936 - DEBUG - -> - Skipping duplicate pending flag: COMPFEST17{05}
2025-10-01 23:10:28,951 - INFO - -> - 🏁 [test -> Team #15-29] Found 1 flag(s)
2025-10-01 23:10:28,951 - DEBUG - -> - Skipping duplicate pending flag: COMPFEST17{29}
2025-10-01 23:10:28,952 - INFO - -> - 🏁 [test -> Team #1-01] Found 1 flag(s)
2025-10-01 23:10:28,952 - DEBUG - -> - Skipping duplicate pending flag: COMPFEST17{01}
2025-10-01 23:10:28,967 - INFO - -> - 🏁 [test -> Team #8-15] Found 1 flag(s)
2025-10-01 23:10:28,968 - INFO - -> - 🏁 [test -> Team #11-21] Found 1 flag(s)
2025-10-01 23:10:28,968 - DEBUG - -> - Skipping duplicate pending flag: COMPFEST17{15}
2025-10-01 23:10:28,968 - DEBUG - -> - Skipping duplicate pending flag: COMPFEST17{21}
2025-10-01 23:10:28,985 - INFO - -> - 🏁 [test -> Team #12-23] Found 1 flag(s)
2025-10-01 23:10:28,985 - DEBUG - -> - Skipping duplicate pending flag: COMPFEST17{23}
2025-10-01 23:10:28,985 - INFO - -> - 🏁 [test -> Team #9-17] Found 1 flag(s)
2025-10-01 23:10:28,986 - DEBUG - -> - Skipping duplicate pending flag: COMPFEST17{17}
2025-10-01 23:10:29,000 - INFO - -> - 🏁 [test -> Team #14-27] Found 1 flag(s)
2025-10-01 23:10:29,001 - INFO - -> - 🏁 [test -> Team #13-25] Found 1 flag(s)
2025-10-01 23:10:29,001 - DEBUG - -> - Skipping duplicate pending flag: COMPFEST17{27}
2025-10-01 23:10:29,001 - DEBUG - -> - Skipping duplicate pending flag: COMPFEST17{25}
2025-10-01 23:10:29,017 - INFO - -> - 🏁 [test -> Team #4-07] Found 1 flag(s)
2025-10-01 23:10:29,017 - DEBUG - -> - Skipping duplicate pending flag: COMPFEST17{07}
2025-10-01 23:10:29,020 - INFO - -> - 🏁 [test -> Team #7-13] Found 1 flag(s)
2025-10-01 23:10:29,020 - DEBUG - -> - Skipping duplicate pending flag: COMPFEST17{13}
2025-10-01 23:10:29,033 - INFO - -> - 🏁 [test -> Team #5-09] Found 1 flag(s)
2025-10-01 23:10:29,033 - DEBUG - -> - Skipping duplicate pending flag: COMPFEST17{09}
2025-10-01 23:10:29,038 - INFO - -> - 🏁 [test -> Team #6-11] Found 1 flag(s)
2025-10-01 23:10:29,038 - DEBUG - -> - Skipping duplicate pending flag: COMPFEST17{11}
2025-10-01 23:10:29,049 - INFO - -> - 🏁 [test -> Team #2-03] Found 1 flag(s)
2025-10-01 23:10:29,049 - DEBUG - -> - Skipping duplicate pending flag: COMPFEST17{03}
2025-10-01 23:10:29,419 - INFO - -> - 📤 Candidates for submission (15)
2025-10-01 23:10:29,419 - INFO - -> - 📤 Selected to submit (15)
2025-10-01 23:10:32,479 - INFO - -> - ⏳ COMPFEST17{29}: QUEUED HTTPSConnectionPool(host='api.ctf-compfest.com', port=443): Max retries exceeded with url: /api/v2/submit (Caused by NewConnectionError('<urllib3.connection.HTTPSConnection object at 0x78bd2049ca10>: Failed to establish a new connection: [Errno 113] No route to host'))
2025-10-01 23:10:32,479 - INFO - -> - ⏳ COMPFEST17{07}: QUEUED HTTPSConnectionPool(host='api.ctf-compfest.com', port=443): Max retries exceeded with url: /api/v2/submit (Caused by NewConnectionError('<urllib3.connection.HTTPSConnection object at 0x78bd2049ca10>: Failed to establish a new connection: [Errno 113] No route to host'))
2025-10-01 23:10:32,479 - INFO - -> - ⏳ COMPFEST17{01}: QUEUED HTTPSConnectionPool(host='api.ctf-compfest.com', port=443): Max retries exceeded with url: /api/v2/submit (Caused by NewConnectionError('<urllib3.connection.HTTPSConnection object at 0x78bd2049ca10>: Failed to establish a new connection: [Errno 113] No route to host'))
2025-10-01 23:10:32,479 - INFO - -> - ⏳ COMPFEST17{05}: QUEUED HTTPSConnectionPool(host='api.ctf-compfest.com', port=443): Max retries exceeded with url: /api/v2/submit (Caused by NewConnectionError('<urllib3.connection.HTTPSConnection object at 0x78bd2049ca10>: Failed to establish a new connection: [Errno 113] No route to host'))
2025-10-01 23:10:32,479 - INFO - -> - ⏳ COMPFEST17{03}: QUEUED HTTPSConnectionPool(host='api.ctf-compfest.com', port=443): Max retries exceeded with url: /api/v2/submit (Caused by NewConnectionError('<urllib3.connection.HTTPSConnection object at 0x78bd2049ca10>: Failed to establish a new connection: [Errno 113] No route to host'))
2025-10-01 23:10:32,479 - INFO - -> - ⏳ COMPFEST17{23}: QUEUED HTTPSConnectionPool(host='api.ctf-compfest.com', port=443): Max retries exceeded with url: /api/v2/submit (Caused by NewConnectionError('<urllib3.connection.HTTPSConnection object at 0x78bd2049ca10>: Failed to establish a new connection: [Errno 113] No route to host'))
2025-10-01 23:10:32,480 - INFO - -> - ⏳ COMPFEST17{27}: QUEUED HTTPSConnectionPool(host='api.ctf-compfest.com', port=443): Max retries exceeded with url: /api/v2/submit (Caused by NewConnectionError('<urllib3.connection.HTTPSConnection object at 0x78bd2049ca10>: Failed to establish a new connection: [Errno 113] No route to host'))
2025-10-01 23:10:32,480 - INFO - -> - ⏳ COMPFEST17{13}: QUEUED HTTPSConnectionPool(host='api.ctf-compfest.com', port=443): Max retries exceeded with url: /api/v2/submit (Caused by NewConnectionError('<urllib3.connection.HTTPSConnection object at 0x78bd2049ca10>: Failed to establish a new connection: [Errno 113] No route to host'))
2025-10-01 23:10:32,480 - INFO - -> - ⏳ COMPFEST17{25}: QUEUED HTTPSConnectionPool(host='api.ctf-compfest.com', port=443): Max retries exceeded with url: /api/v2/submit (Caused by NewConnectionError('<urllib3.connection.HTTPSConnection object at 0x78bd2049ca10>: Failed to establish a new connection: [Errno 113] No route to host'))
2025-10-01 23:10:32,480 - INFO - -> - ⏳ COMPFEST17{11}: QUEUED HTTPSConnectionPool(host='api.ctf-compfest.com', port=443): Max retries exceeded with url: /api/v2/submit (Caused by NewConnectionError('<urllib3.connection.HTTPSConnection object at 0x78bd2049ca10>: Failed to establish a new connection: [Errno 113] No route to host'))
2025-10-01 23:10:32,480 - INFO - -> - ⏳ COMPFEST17{17}: QUEUED HTTPSConnectionPool(host='api.ctf-compfest.com', port=443): Max retries exceeded with url: /api/v2/submit (Caused by NewConnectionError('<urllib3.connection.HTTPSConnection object at 0x78bd2049ca10>: Failed to establish a new connection: [Errno 113] No route to host'))
2025-10-01 23:10:32,480 - INFO - -> - ⏳ COMPFEST17{19}: QUEUED HTTPSConnectionPool(host='api.ctf-compfest.com', port=443): Max retries exceeded with url: /api/v2/submit (Caused by NewConnectionError('<urllib3.connection.HTTPSConnection object at 0x78bd2049ca10>: Failed to establish a new connection: [Errno 113] No route to host'))
2025-10-01 23:10:32,480 - INFO - -> - ⏳ COMPFEST17{15}: QUEUED HTTPSConnectionPool(host='api.ctf-compfest.com', port=443): Max retries exceeded with url: /api/v2/submit (Caused by NewConnectionError('<urllib3.connection.HTTPSConnection object at 0x78bd2049ca10>: Failed to establish a new connection: [Errno 113] No route to host'))
2025-10-01 23:10:32,480 - INFO - -> - ⏳ COMPFEST17{09}: QUEUED HTTPSConnectionPool(host='api.ctf-compfest.com', port=443): Max retries exceeded with url: /api/v2/submit (Caused by NewConnectionError('<urllib3.connection.HTTPSConnection object at 0x78bd2049ca10>: Failed to establish a new connection: [Errno 113] No route to host'))
2025-10-01 23:10:32,480 - INFO - -> - ⏳ COMPFEST17{21}: QUEUED HTTPSConnectionPool(host='api.ctf-compfest.com', port=443): Max retries exceeded with url: /api/v2/submit (Caused by NewConnectionError('<urllib3.connection.HTTPSConnection object at 0x78bd2049ca10>: Failed to establish a new connection: [Errno 113] No route to host'))
2025-10-01 23:10:32,480 - INFO - -> - Submission Summary: accepted=0 rejected=0 queued=15
2025-10-01 23:10:32,480 - INFO - -> - Cycle finished; sleeping 26s
2025-10-01 23:10:58,917 - INFO - -> - Starting full-run cycle: signaling all solver threads to run
2025-10-01 23:10:58,918 - INFO - -> - Signaled 1 solver threads this cycle
2025-10-01 23:10:58,936 - INFO - -> - 🏁 [test -> Team #6-11] Found 1 flag(s)
2025-10-01 23:10:58,936 - DEBUG - -> - Skipping duplicate pending flag: COMPFEST17{11}
2025-10-01 23:10:58,942 - INFO - -> - 🏁 [test -> Team #4-07] Found 1 flag(s)
2025-10-01 23:10:58,942 - DEBUG - -> - Skipping duplicate pending flag: COMPFEST17{07}
2025-10-01 23:10:58,952 - INFO - -> - 🏁 [test -> Team #10-19] Found 1 flag(s)
2025-10-01 23:10:58,952 - DEBUG - -> - Skipping duplicate pending flag: COMPFEST17{19}
2025-10-01 23:10:58,958 - INFO - -> - 🏁 [test -> Team #14-27] Found 1 flag(s)
2025-10-01 23:10:58,958 - DEBUG - -> - Skipping duplicate pending flag: COMPFEST17{27}
2025-10-01 23:10:58,969 - INFO - -> - 🏁 [test -> Team #13-25] Found 1 flag(s)
2025-10-01 23:10:58,971 - DEBUG - -> - Skipping duplicate pending flag: COMPFEST17{25}
2025-10-01 23:10:58,975 - INFO - -> - 🏁 [test -> Team #3-05] Found 1 flag(s)
2025-10-01 23:10:58,975 - DEBUG - -> - Skipping duplicate pending flag: COMPFEST17{05}
2025-10-01 23:10:58,987 - INFO - -> - 🏁 [test -> Team #9-17] Found 1 flag(s)
2025-10-01 23:10:58,988 - DEBUG - -> - Skipping duplicate pending flag: COMPFEST17{17}
2025-10-01 23:10:58,990 - INFO - -> - 🏁 [test -> Team #15-29] Found 1 flag(s)
2025-10-01 23:10:58,990 - DEBUG - -> - Skipping duplicate pending flag: COMPFEST17{29}
2025-10-01 23:10:59,003 - INFO - -> - 🏁 [test -> Team #5-09] Found 1 flag(s)
2025-10-01 23:10:59,003 - DEBUG - -> - Skipping duplicate pending flag: COMPFEST17{09}
2025-10-01 23:10:59,005 - INFO - -> - 🏁 [test -> Team #2-03] Found 1 flag(s)
2025-10-01 23:10:59,005 - DEBUG - -> - Skipping duplicate pending flag: COMPFEST17{03}
2025-10-01 23:10:59,020 - INFO - -> - 🏁 [test -> Team #7-13] Found 1 flag(s)
2025-10-01 23:10:59,020 - DEBUG - -> - Skipping duplicate pending flag: COMPFEST17{13}
2025-10-01 23:10:59,025 - INFO - -> - 🏁 [test -> Team #11-21] Found 1 flag(s)
2025-10-01 23:10:59,026 - DEBUG - -> - Skipping duplicate pending flag: COMPFEST17{21}
2025-10-01 23:10:59,036 - INFO - -> - 🏁 [test -> Team #8-15] Found 1 flag(s)
2025-10-01 23:10:59,037 - DEBUG - -> - Skipping duplicate pending flag: COMPFEST17{15}
2025-10-01 23:10:59,046 - INFO - -> - 🏁 [test -> Team #1-01] Found 1 flag(s)
2025-10-01 23:10:59,046 - DEBUG - -> - Skipping duplicate pending flag: COMPFEST17{01}
2025-10-01 23:10:59,054 - INFO - -> - 🏁 [test -> Team #12-23] Found 1 flag(s)
2025-10-01 23:10:59,055 - DEBUG - -> - Skipping duplicate pending flag: COMPFEST17{23}
2025-10-01 23:10:59,419 - INFO - -> - 📤 Candidates for submission (15)
2025-10-01 23:10:59,419 - INFO - -> - 📤 Selected to submit (15)
2025-10-01 23:11:02,496 - INFO - -> - ⏳ COMPFEST17{07}: QUEUED HTTPSConnectionPool(host='api.ctf-compfest.com', port=443): Max retries exceeded with url: /api/v2/submit (Caused by NewConnectionError('<urllib3.connection.HTTPSConnection object at 0x78bd204f6de0>: Failed to establish a new connection: [Errno 113] No route to host'))
2025-10-01 23:11:02,496 - INFO - -> - ⏳ COMPFEST17{29}: QUEUED HTTPSConnectionPool(host='api.ctf-compfest.com', port=443): Max retries exceeded with url: /api/v2/submit (Caused by NewConnectionError('<urllib3.connection.HTTPSConnection object at 0x78bd204f6de0>: Failed to establish a new connection: [Errno 113] No route to host'))
2025-10-01 23:11:02,496 - INFO - -> - ⏳ COMPFEST17{03}: QUEUED HTTPSConnectionPool(host='api.ctf-compfest.com', port=443): Max retries exceeded with url: /api/v2/submit (Caused by NewConnectionError('<urllib3.connection.HTTPSConnection object at 0x78bd204f6de0>: Failed to establish a new connection: [Errno 113] No route to host'))
2025-10-01 23:11:02,496 - INFO - -> - ⏳ COMPFEST17{19}: QUEUED HTTPSConnectionPool(host='api.ctf-compfest.com', port=443): Max retries exceeded with url: /api/v2/submit (Caused by NewConnectionError('<urllib3.connection.HTTPSConnection object at 0x78bd204f6de0>: Failed to establish a new connection: [Errno 113] No route to host'))
2025-10-01 23:11:02,496 - INFO - -> - ⏳ COMPFEST17{23}: QUEUED HTTPSConnectionPool(host='api.ctf-compfest.com', port=443): Max retries exceeded with url: /api/v2/submit (Caused by NewConnectionError('<urllib3.connection.HTTPSConnection object at 0x78bd204f6de0>: Failed to establish a new connection: [Errno 113] No route to host'))
2025-10-01 23:11:02,496 - INFO - -> - ⏳ COMPFEST17{15}: QUEUED HTTPSConnectionPool(host='api.ctf-compfest.com', port=443): Max retries exceeded with url: /api/v2/submit (Caused by NewConnectionError('<urllib3.connection.HTTPSConnection object at 0x78bd204f6de0>: Failed to establish a new connection: [Errno 113] No route to host'))
2025-10-01 23:11:02,496 - INFO - -> - ⏳ COMPFEST17{21}: QUEUED HTTPSConnectionPool(host='api.ctf-compfest.com', port=443): Max retries exceeded with url: /api/v2/submit (Caused by NewConnectionError('<urllib3.connection.HTTPSConnection object at 0x78bd204f6de0>: Failed to establish a new connection: [Errno 113] No route to host'))
2025-10-01 23:11:02,496 - INFO - -> - ⏳ COMPFEST17{13}: QUEUED HTTPSConnectionPool(host='api.ctf-compfest.com', port=443): Max retries exceeded with url: /api/v2/submit (Caused by NewConnectionError('<urllib3.connection.HTTPSConnection object at 0x78bd204f6de0>: Failed to establish a new connection: [Errno 113] No route to host'))
2025-10-01 23:11:02,496 - INFO - -> - ⏳ COMPFEST17{01}: QUEUED HTTPSConnectionPool(host='api.ctf-compfest.com', port=443): Max retries exceeded with url: /api/v2/submit (Caused by NewConnectionError('<urllib3.connection.HTTPSConnection object at 0x78bd204f6de0>: Failed to establish a new connection: [Errno 113] No route to host'))
2025-10-01 23:11:02,496 - INFO - -> - ⏳ COMPFEST17{05}: QUEUED HTTPSConnectionPool(host='api.ctf-compfest.com', port=443): Max retries exceeded with url: /api/v2/submit (Caused by NewConnectionError('<urllib3.connection.HTTPSConnection object at 0x78bd204f6de0>: Failed to establish a new connection: [Errno 113] No route to host'))
2025-10-01 23:11:02,496 - INFO - -> - ⏳ COMPFEST17{27}: QUEUED HTTPSConnectionPool(host='api.ctf-compfest.com', port=443): Max retries exceeded with url: /api/v2/submit (Caused by NewConnectionError('<urllib3.connection.HTTPSConnection object at 0x78bd204f6de0>: Failed to establish a new connection: [Errno 113] No route to host'))
2025-10-01 23:11:02,496 - INFO - -> - ⏳ COMPFEST17{11}: QUEUED HTTPSConnectionPool(host='api.ctf-compfest.com', port=443): Max retries exceeded with url: /api/v2/submit (Caused by NewConnectionError('<urllib3.connection.HTTPSConnection object at 0x78bd204f6de0>: Failed to establish a new connection: [Errno 113] No route to host'))
2025-10-01 23:11:02,496 - INFO - -> - ⏳ COMPFEST17{25}: QUEUED HTTPSConnectionPool(host='api.ctf-compfest.com', port=443): Max retries exceeded with url: /api/v2/submit (Caused by NewConnectionError('<urllib3.connection.HTTPSConnection object at 0x78bd204f6de0>: Failed to establish a new connection: [Errno 113] No route to host'))
2025-10-01 23:11:02,496 - INFO - -> - ⏳ COMPFEST17{09}: QUEUED HTTPSConnectionPool(host='api.ctf-compfest.com', port=443): Max retries exceeded with url: /api/v2/submit (Caused by NewConnectionError('<urllib3.connection.HTTPSConnection object at 0x78bd204f6de0>: Failed to establish a new connection: [Errno 113] No route to host'))
2025-10-01 23:11:02,496 - INFO - -> - ⏳ COMPFEST17{17}: QUEUED HTTPSConnectionPool(host='api.ctf-compfest.com', port=443): Max retries exceeded with url: /api/v2/submit (Caused by NewConnectionError('<urllib3.connection.HTTPSConnection object at 0x78bd204f6de0>: Failed to establish a new connection: [Errno 113] No route to host'))
2025-10-01 23:11:02,497 - INFO - -> - Submission Summary: accepted=0 rejected=0 queued=15
2025-10-01 23:11:02,497 - INFO - -> - Cycle finished; sleeping 26s
2025-10-01 23:11:15,470 - INFO - -> - Starting enhanced runner: per-solver threads ALWAYS on. Per-solver concurrent attacks=True
2025-10-01 23:11:15,507 - INFO - -> - Initialized SQLite DB for flags
2025-10-01 23:11:15,528 - INFO - -> - Starting full-run cycle: signaling all solver threads to run
2025-10-01 23:11:15,570 - INFO - -> - Solver thread started for test.py
2025-10-01 23:11:15,576 - INFO - -> - Signaled 1 solver threads this cycle
2025-10-01 23:11:15,582 - INFO - -> - Watcher started, initial solvers=1
2025-10-01 23:11:15,773 - DEBUG - -> - Skipping already in-progress test.py -> Team #13-25
2025-10-01 23:11:15,773 - DEBUG - -> - Skipping already in-progress test.py -> Team #5-09
2025-10-01 23:11:15,784 - DEBUG - -> - Skipping already in-progress test.py -> Team #12-23
2025-10-01 23:11:15,790 - INFO - -> - 🏁 [test -> Team #6-11] Found 1 flag(s)
2025-10-01 23:11:15,800 - DEBUG - -> - Skipping already in-progress test.py -> Team #2-03
2025-10-01 23:11:15,836 - INFO - -> - 🏁 [test -> Team #8-15] Found 1 flag(s)
2025-10-01 23:11:15,867 - DEBUG - -> - Skipping duplicate pending flag: COMPFEST17{11}
2025-10-01 23:11:15,877 - DEBUG - -> - Skipping already in-progress test.py -> Team #1-01
2025-10-01 23:11:15,883 - DEBUG - -> - Skipping duplicate pending flag: COMPFEST17{15}
2025-10-01 23:11:15,883 - DEBUG - -> - Skipping already in-progress test.py -> Team #14-27
2025-10-01 23:11:15,883 - DEBUG - -> - Skipping already in-progress test.py -> Team #9-17
2025-10-01 23:11:15,883 - DEBUG - -> - Skipping already in-progress test.py -> Team #3-05
2025-10-01 23:11:15,883 - DEBUG - -> - Skipping already in-progress test.py -> Team #4-07
2025-10-01 23:11:15,883 - DEBUG - -> - Skipping already in-progress test.py -> Team #7-13
2025-10-01 23:11:15,883 - DEBUG - -> - Skipping already in-progress test.py -> Team #11-21
2025-10-01 23:11:15,884 - DEBUG - -> - Skipping already in-progress test.py -> Team #15-29
2025-10-01 23:11:15,884 - DEBUG - -> - Skipping already in-progress test.py -> Team #8-15
2025-10-01 23:11:15,884 - DEBUG - -> - Skipping already in-progress test.py -> Team #6-11
2025-10-01 23:11:15,884 - DEBUG - -> - Skipping already in-progress test.py -> Team #10-19
2025-10-01 23:11:15,901 - INFO - -> - 🏁 [test -> Team #15-29] Found 1 flag(s)
2025-10-01 23:11:15,901 - DEBUG - -> - Skipping duplicate pending flag: COMPFEST17{29}
2025-10-01 23:11:15,905 - INFO - -> - 🏁 [test -> Team #9-17] Found 1 flag(s)
2025-10-01 23:11:15,905 - DEBUG - -> - Skipping duplicate pending flag: COMPFEST17{17}
2025-10-01 23:11:15,916 - INFO - -> - 🏁 [test -> Team #10-19] Found 1 flag(s)
2025-10-01 23:11:15,917 - DEBUG - -> - Skipping duplicate pending flag: COMPFEST17{19}
2025-10-01 23:11:15,926 - INFO - -> - 🏁 [test -> Team #14-27] Found 1 flag(s)
2025-10-01 23:11:15,926 - DEBUG - -> - Skipping duplicate pending flag: COMPFEST17{27}
2025-10-01 23:11:15,931 - INFO - -> - 🏁 [test -> Team #5-09] Found 1 flag(s)
2025-10-01 23:11:15,931 - DEBUG - -> - Skipping duplicate pending flag: COMPFEST17{09}
2025-10-01 23:11:15,942 - INFO - -> - 🏁 [test -> Team #3-05] Found 1 flag(s)
2025-10-01 23:11:15,942 - DEBUG - -> - Skipping duplicate pending flag: COMPFEST17{05}
2025-10-01 23:11:15,950 - INFO - -> - 🏁 [test -> Team #11-21] Found 1 flag(s)
2025-10-01 23:11:15,950 - DEBUG - -> - Skipping duplicate pending flag: COMPFEST17{21}
2025-10-01 23:11:15,957 - INFO - -> - 🏁 [test -> Team #2-03] Found 1 flag(s)
2025-10-01 23:11:15,957 - DEBUG - -> - Skipping duplicate pending flag: COMPFEST17{03}
2025-10-01 23:11:15,965 - INFO - -> - 🏁 [test -> Team #12-23] Found 1 flag(s)
2025-10-01 23:11:15,965 - DEBUG - -> - Skipping duplicate pending flag: COMPFEST17{23}
2025-10-01 23:11:15,972 - INFO - -> - 🏁 [test -> Team #13-25] Found 1 flag(s)
2025-10-01 23:11:15,973 - DEBUG - -> - Skipping duplicate pending flag: COMPFEST17{25}
2025-10-01 23:11:15,980 - INFO - -> - 🏁 [test -> Team #4-07] Found 1 flag(s)
2025-10-01 23:11:15,980 - DEBUG - -> - Skipping duplicate pending flag: COMPFEST17{07}
2025-10-01 23:11:15,988 - INFO - -> - 🏁 [test -> Team #1-01] Found 1 flag(s)
2025-10-01 23:11:15,988 - DEBUG - -> - Skipping duplicate pending flag: COMPFEST17{01}
2025-10-01 23:11:15,996 - INFO - -> - 🏁 [test -> Team #7-13] Found 1 flag(s)
2025-10-01 23:11:15,996 - DEBUG - -> - Skipping duplicate pending flag: COMPFEST17{13}
2025-10-01 23:11:16,082 - INFO - -> - 📤 Candidates for submission (15)
2025-10-01 23:11:16,082 - INFO - -> - 📤 Selected to submit (15)
2025-10-01 23:11:20,137 - INFO - -> - Starting enhanced runner: per-solver threads ALWAYS on. Per-solver concurrent attacks=True
2025-10-01 23:11:20,163 - INFO - -> - Initialized SQLite DB for flags
2025-10-01 23:11:20,180 - INFO - -> - Starting full-run cycle: signaling all solver threads to run
2025-10-01 23:11:20,233 - INFO - -> - Solver thread started for test.py
2025-10-01 23:11:20,233 - INFO - -> - Signaled 1 solver threads this cycle
2025-10-01 23:11:20,271 - INFO - -> - Watcher started, initial solvers=1
2025-10-01 23:11:20,419 - DEBUG - -> - Skipping already in-progress test.py -> Team #6-11
2025-10-01 23:11:20,435 - DEBUG - -> - Skipping already in-progress test.py -> Team #9-17
2025-10-01 23:11:20,446 - INFO - -> - 🏁 [test -> Team #5-09] Found 1 flag(s)
2025-10-01 23:11:20,446 - DEBUG - -> - Skipping already in-progress test.py -> Team #8-15
2025-10-01 23:11:20,483 - DEBUG - -> - Skipping duplicate pending flag: COMPFEST17{09}
2025-10-01 23:11:20,483 - INFO - -> - 🏁 [test -> Team #12-23] Found 1 flag(s)
2025-10-01 23:11:20,494 - DEBUG - -> - Skipping already in-progress test.py -> Team #12-23
2025-10-01 23:11:20,534 - DEBUG - -> - Skipping duplicate pending flag: COMPFEST17{23}
2025-10-01 23:11:20,543 - DEBUG - -> - Skipping already in-progress test.py -> Team #3-05
2025-10-01 23:11:20,543 - DEBUG - -> - Skipping already in-progress test.py -> Team #13-25
2025-10-01 23:11:20,543 - DEBUG - -> - Skipping already in-progress test.py -> Team #5-09
2025-10-01 23:11:20,543 - DEBUG - -> - Skipping already in-progress test.py -> Team #4-07
2025-10-01 23:11:20,543 - DEBUG - -> - Skipping already in-progress test.py -> Team #15-29
2025-10-01 23:11:20,543 - DEBUG - -> - Skipping already in-progress test.py -> Team #1-01
2025-10-01 23:11:20,543 - DEBUG - -> - Skipping already in-progress test.py -> Team #14-27
2025-10-01 23:11:20,543 - DEBUG - -> - Skipping already in-progress test.py -> Team #11-21
2025-10-01 23:11:20,543 - DEBUG - -> - Skipping already in-progress test.py -> Team #7-13
2025-10-01 23:11:20,543 - DEBUG - -> - Skipping already in-progress test.py -> Team #2-03
2025-10-01 23:11:20,543 - DEBUG - -> - Skipping already in-progress test.py -> Team #10-19
2025-10-01 23:11:20,560 - INFO - -> - 🏁 [test -> Team #8-15] Found 1 flag(s)
2025-10-01 23:11:20,560 - DEBUG - -> - Skipping duplicate pending flag: COMPFEST17{15}
2025-10-01 23:11:20,561 - INFO - -> - 🏁 [test -> Team #6-11] Found 1 flag(s)
2025-10-01 23:11:20,561 - DEBUG - -> - Skipping duplicate pending flag: COMPFEST17{11}
2025-10-01 23:11:20,576 - INFO - -> - 🏁 [test -> Team #2-03] Found 1 flag(s)
2025-10-01 23:11:20,576 - DEBUG - -> - Skipping duplicate pending flag: COMPFEST17{03}
2025-10-01 23:11:20,578 - INFO - -> - 🏁 [test -> Team #4-07] Found 1 flag(s)
2025-10-01 23:11:20,578 - DEBUG - -> - Skipping duplicate pending flag: COMPFEST17{07}
2025-10-01 23:11:20,592 - INFO - -> - 🏁 [test -> Team #11-21] Found 1 flag(s)
2025-10-01 23:11:20,592 - DEBUG - -> - Skipping duplicate pending flag: COMPFEST17{21}
2025-10-01 23:11:20,593 - INFO - -> - 🏁 [test -> Team #3-05] Found 1 flag(s)
2025-10-01 23:11:20,594 - DEBUG - -> - Skipping duplicate pending flag: COMPFEST17{05}
2025-10-01 23:11:20,608 - INFO - -> - 🏁 [test -> Team #9-17] Found 1 flag(s)
2025-10-01 23:11:20,608 - DEBUG - -> - Skipping duplicate pending flag: COMPFEST17{17}
2025-10-01 23:11:20,615 - INFO - -> - 🏁 [test -> Team #1-01] Found 1 flag(s)
2025-10-01 23:11:20,615 - DEBUG - -> - Skipping duplicate pending flag: COMPFEST17{01}
2025-10-01 23:11:20,625 - INFO - -> - 🏁 [test -> Team #10-19] Found 1 flag(s)
2025-10-01 23:11:20,625 - DEBUG - -> - Skipping duplicate pending flag: COMPFEST17{19}
2025-10-01 23:11:20,631 - INFO - -> - 🏁 [test -> Team #15-29] Found 1 flag(s)
2025-10-01 23:11:20,631 - DEBUG - -> - Skipping duplicate pending flag: COMPFEST17{29}
2025-10-01 23:11:20,646 - INFO - -> - 🏁 [test -> Team #14-27] Found 1 flag(s)
2025-10-01 23:11:20,646 - DEBUG - -> - Skipping duplicate pending flag: COMPFEST17{27}
2025-10-01 23:11:20,646 - INFO - -> - 🏁 [test -> Team #13-25] Found 1 flag(s)
2025-10-01 23:11:20,647 - DEBUG - -> - Skipping duplicate pending flag: COMPFEST17{25}
2025-10-01 23:11:20,667 - INFO - -> - 🏁 [test -> Team #7-13] Found 1 flag(s)
2025-10-01 23:11:20,667 - DEBUG - -> - Skipping duplicate pending flag: COMPFEST17{13}
2025-10-01 23:11:20,772 - INFO - -> - 📤 Candidates for submission (15)
2025-10-01 23:11:20,772 - INFO - -> - 📤 Selected to submit (15)
2025-10-01 23:11:49,409 - INFO - -> - Starting enhanced runner: per-solver threads ALWAYS on. Per-solver concurrent attacks=True
2025-10-01 23:11:49,457 - INFO - -> - Initialized SQLite DB for flags
2025-10-01 23:11:49,470 - INFO - -> - Starting full-run cycle: signaling all solver threads to run
2025-10-01 23:11:49,472 - INFO - -> - Solver thread started for test.py
2025-10-01 23:11:49,472 - INFO - -> - Signaled 1 solver threads this cycle
2025-10-01 23:11:49,473 - INFO - -> - Watcher started, initial solvers=1
2025-10-01 23:11:49,475 - DEBUG - -> - Skipping already in-progress test.py -> Team #11-21
2025-10-01 23:11:49,475 - DEBUG - -> - Skipping already in-progress test.py -> Team #15-29
2025-10-01 23:11:49,475 - DEBUG - -> - Skipping already in-progress test.py -> Team #8-15
2025-10-01 23:11:49,476 - DEBUG - -> - Skipping already in-progress test.py -> Team #12-23
2025-10-01 23:11:49,476 - DEBUG - -> - Skipping already in-progress test.py -> Team #9-17
2025-10-01 23:11:49,476 - DEBUG - -> - Skipping already in-progress test.py -> Team #13-25
2025-10-01 23:11:49,476 - DEBUG - -> - Skipping already in-progress test.py -> Team #7-13
2025-10-01 23:11:49,476 - DEBUG - -> - Skipping already in-progress test.py -> Team #4-07
2025-10-01 23:11:49,476 - DEBUG - -> - Skipping already in-progress test.py -> Team #5-09
2025-10-01 23:11:49,476 - DEBUG - -> - Skipping already in-progress test.py -> Team #10-19
2025-10-01 23:11:49,477 - DEBUG - -> - Skipping already in-progress test.py -> Team #6-11
2025-10-01 23:11:49,477 - DEBUG - -> - Skipping already in-progress test.py -> Team #1-01
2025-10-01 23:11:49,477 - DEBUG - -> - Skipping already in-progress test.py -> Team #3-05
2025-10-01 23:11:49,477 - DEBUG - -> - Skipping already in-progress test.py -> Team #14-27
2025-10-01 23:11:49,477 - DEBUG - -> - Skipping already in-progress test.py -> Team #2-03
2025-10-01 23:11:49,499 - INFO - -> - 🏁 [test -> Team #8-15] Found 1 flag(s)
2025-10-01 23:11:49,510 - INFO - -> - 🏁 [test -> Team #13-25] Found 1 flag(s)
2025-10-01 23:11:49,510 - DEBUG - -> - Skipping duplicate pending flag: COMPFEST17{15}
2025-10-01 23:11:49,511 - DEBUG - -> - Skipping duplicate pending flag: COMPFEST17{25}
2025-10-01 23:11:49,526 - INFO - -> - 🏁 [test -> Team #7-13] Found 1 flag(s)
2025-10-01 23:11:49,526 - DEBUG - -> - Skipping duplicate pending flag: COMPFEST17{13}
2025-10-01 23:11:49,527 - INFO - -> - 🏁 [test -> Team #9-17] Found 1 flag(s)
2025-10-01 23:11:49,527 - DEBUG - -> - Skipping duplicate pending flag: COMPFEST17{17}
2025-10-01 23:11:49,542 - INFO - -> - 🏁 [test -> Team #3-05] Found 1 flag(s)
2025-10-01 23:11:49,542 - INFO - -> - 🏁 [test -> Team #11-21] Found 1 flag(s)
2025-10-01 23:11:49,543 - DEBUG - -> - Skipping duplicate pending flag: COMPFEST17{05}
2025-10-01 23:11:49,543 - DEBUG - -> - Skipping duplicate pending flag: COMPFEST17{21}
2025-10-01 23:11:49,558 - INFO - -> - 🏁 [test -> Team #14-27] Found 1 flag(s)
2025-10-01 23:11:49,558 - DEBUG - -> - Skipping duplicate pending flag: COMPFEST17{27}
2025-10-01 23:11:49,558 - INFO - -> - 🏁 [test -> Team #15-29] Found 1 flag(s)
2025-10-01 23:11:49,558 - DEBUG - -> - Skipping duplicate pending flag: COMPFEST17{29}
2025-10-01 23:11:49,574 - INFO - -> - 🏁 [test -> Team #2-03] Found 1 flag(s)
2025-10-01 23:11:49,574 - DEBUG - -> - Skipping duplicate pending flag: COMPFEST17{03}
2025-10-01 23:11:49,574 - INFO - -> - 🏁 [test -> Team #12-23] Found 1 flag(s)
2025-10-01 23:11:49,575 - DEBUG - -> - Skipping duplicate pending flag: COMPFEST17{23}
2025-10-01 23:11:49,601 - INFO - -> - 🏁 [test -> Team #1-01] Found 1 flag(s)
2025-10-01 23:11:49,601 - INFO - -> - 🏁 [test -> Team #6-11] Found 1 flag(s)
2025-10-01 23:11:49,601 - DEBUG - -> - Skipping duplicate pending flag: COMPFEST17{01}
2025-10-01 23:11:49,602 - DEBUG - -> - Skipping duplicate pending flag: COMPFEST17{11}
2025-10-01 23:11:49,618 - INFO - -> - 🏁 [test -> Team #5-09] Found 1 flag(s)
2025-10-01 23:11:49,618 - INFO - -> - 🏁 [test -> Team #4-07] Found 1 flag(s)
2025-10-01 23:11:49,618 - DEBUG - -> - Skipping duplicate pending flag: COMPFEST17{09}
2025-10-01 23:11:49,619 - DEBUG - -> - Skipping duplicate pending flag: COMPFEST17{07}
2025-10-01 23:11:49,634 - INFO - -> - 🏁 [test -> Team #10-19] Found 1 flag(s)
2025-10-01 23:11:49,634 - DEBUG - -> - Skipping duplicate pending flag: COMPFEST17{19}
2025-10-01 23:11:49,973 - INFO - -> - 📤 Candidates for submission (15)
2025-10-01 23:11:49,974 - INFO - -> - 📤 Selected to submit (15)
2025-10-01 23:11:53,055 - INFO - -> - ⏳ COMPFEST17{21}: QUEUED HTTPSConnectionPool(host='api.ctf-compfest.com', port=443): Max retries exceeded with url: /api/v2/submit (Caused by NewConnectionError('<urllib3.connection.HTTPSConnection object at 0x7f98d0229760>: Failed to establish a new connection: [Errno 113] No route to host'))
2025-10-01 23:11:53,055 - INFO - -> - ⏳ COMPFEST17{03}: QUEUED HTTPSConnectionPool(host='api.ctf-compfest.com', port=443): Max retries exceeded with url: /api/v2/submit (Caused by NewConnectionError('<urllib3.connection.HTTPSConnection object at 0x7f98d0229760>: Failed to establish a new connection: [Errno 113] No route to host'))
2025-10-01 23:11:53,055 - INFO - -> - ⏳ COMPFEST17{11}: QUEUED HTTPSConnectionPool(host='api.ctf-compfest.com', port=443): Max retries exceeded with url: /api/v2/submit (Caused by NewConnectionError('<urllib3.connection.HTTPSConnection object at 0x7f98d0229760>: Failed to establish a new connection: [Errno 113] No route to host'))
2025-10-01 23:11:53,055 - INFO - -> - ⏳ COMPFEST17{19}: QUEUED HTTPSConnectionPool(host='api.ctf-compfest.com', port=443): Max retries exceeded with url: /api/v2/submit (Caused by NewConnectionError('<urllib3.connection.HTTPSConnection object at 0x7f98d0229760>: Failed to establish a new connection: [Errno 113] No route to host'))
2025-10-01 23:11:53,055 - INFO - -> - ⏳ COMPFEST17{23}: QUEUED HTTPSConnectionPool(host='api.ctf-compfest.com', port=443): Max retries exceeded with url: /api/v2/submit (Caused by NewConnectionError('<urllib3.connection.HTTPSConnection object at 0x7f98d0229760>: Failed to establish a new connection: [Errno 113] No route to host'))
2025-10-01 23:11:53,055 - INFO - -> - ⏳ COMPFEST17{25}: QUEUED HTTPSConnectionPool(host='api.ctf-compfest.com', port=443): Max retries exceeded with url: /api/v2/submit (Caused by NewConnectionError('<urllib3.connection.HTTPSConnection object at 0x7f98d0229760>: Failed to establish a new connection: [Errno 113] No route to host'))
2025-10-01 23:11:53,055 - INFO - -> - ⏳ COMPFEST17{07}: QUEUED HTTPSConnectionPool(host='api.ctf-compfest.com', port=443): Max retries exceeded with url: /api/v2/submit (Caused by NewConnectionError('<urllib3.connection.HTTPSConnection object at 0x7f98d0229760>: Failed to establish a new connection: [Errno 113] No route to host'))
2025-10-01 23:11:53,055 - INFO - -> - ⏳ COMPFEST17{13}: QUEUED HTTPSConnectionPool(host='api.ctf-compfest.com', port=443): Max retries exceeded with url: /api/v2/submit (Caused by NewConnectionError('<urllib3.connection.HTTPSConnection object at 0x7f98d0229760>: Failed to establish a new connection: [Errno 113] No route to host'))
2025-10-01 23:11:53,055 - INFO - -> - ⏳ COMPFEST17{09}: QUEUED HTTPSConnectionPool(host='api.ctf-compfest.com', port=443): Max retries exceeded with url: /api/v2/submit (Caused by NewConnectionError('<urllib3.connection.HTTPSConnection object at 0x7f98d0229760>: Failed to establish a new connection: [Errno 113] No route to host'))
2025-10-01 23:11:53,055 - INFO - -> - ⏳ COMPFEST17{05}: QUEUED HTTPSConnectionPool(host='api.ctf-compfest.com', port=443): Max retries exceeded with url: /api/v2/submit (Caused by NewConnectionError('<urllib3.connection.HTTPSConnection object at 0x7f98d0229760>: Failed to establish a new connection: [Errno 113] No route to host'))
2025-10-01 23:11:53,055 - INFO - -> - ⏳ COMPFEST17{29}: QUEUED HTTPSConnectionPool(host='api.ctf-compfest.com', port=443): Max retries exceeded with url: /api/v2/submit (Caused by NewConnectionError('<urllib3.connection.HTTPSConnection object at 0x7f98d0229760>: Failed to establish a new connection: [Errno 113] No route to host'))
2025-10-01 23:11:53,055 - INFO - -> - ⏳ COMPFEST17{01}: QUEUED HTTPSConnectionPool(host='api.ctf-compfest.com', port=443): Max retries exceeded with url: /api/v2/submit (Caused by NewConnectionError('<urllib3.connection.HTTPSConnection object at 0x7f98d0229760>: Failed to establish a new connection: [Errno 113] No route to host'))
2025-10-01 23:11:53,056 - INFO - -> - ⏳ COMPFEST17{27}: QUEUED HTTPSConnectionPool(host='api.ctf-compfest.com', port=443): Max retries exceeded with url: /api/v2/submit (Caused by NewConnectionError('<urllib3.connection.HTTPSConnection object at 0x7f98d0229760>: Failed to establish a new connection: [Errno 113] No route to host'))
2025-10-01 23:11:53,056 - INFO - -> - ⏳ COMPFEST17{17}: QUEUED HTTPSConnectionPool(host='api.ctf-compfest.com', port=443): Max retries exceeded with url: /api/v2/submit (Caused by NewConnectionError('<urllib3.connection.HTTPSConnection object at 0x7f98d0229760>: Failed to establish a new connection: [Errno 113] No route to host'))
2025-10-01 23:11:53,056 - INFO - -> - ⏳ COMPFEST17{15}: QUEUED HTTPSConnectionPool(host='api.ctf-compfest.com', port=443): Max retries exceeded with url: /api/v2/submit (Caused by NewConnectionError('<urllib3.connection.HTTPSConnection object at 0x7f98d0229760>: Failed to establish a new connection: [Errno 113] No route to host'))
2025-10-01 23:11:53,056 - INFO - -> - Submission Summary: accepted=0 rejected=0 queued=15
2025-10-01 23:11:53,056 - INFO - -> - Cycle finished; sleeping 26s
2025-10-01 23:12:24,316 - INFO - -> - Starting enhanced runner: per-solver threads ALWAYS on. Per-solver concurrent attacks=True
2025-10-01 23:12:24,361 - INFO - -> - Initialized SQLite DB for flags
2025-10-01 23:12:24,372 - INFO - -> - Starting full-run cycle: signaling all solver threads to run
2025-10-01 23:12:24,380 - INFO - -> - Solver thread started for test.py
2025-10-01 23:12:24,380 - INFO - -> - Signaled 1 solver threads this cycle
2025-10-01 23:12:24,381 - INFO - -> - Watcher started, initial solvers=1
2025-10-01 23:12:24,382 - DEBUG - -> - Skipping already in-progress test.py -> Team #14-27
2025-10-01 23:12:24,383 - DEBUG - -> - Skipping already in-progress test.py -> Team #3-05
2025-10-01 23:12:24,383 - DEBUG - -> - Skipping already in-progress test.py -> Team #13-25
2025-10-01 23:12:24,383 - DEBUG - -> - Skipping already in-progress test.py -> Team #9-17
2025-10-01 23:12:24,384 - DEBUG - -> - Skipping already in-progress test.py -> Team #7-13
2025-10-01 23:12:24,384 - DEBUG - -> - Skipping already in-progress test.py -> Team #2-03
2025-10-01 23:12:24,384 - DEBUG - -> - Skipping already in-progress test.py -> Team #10-19
2025-10-01 23:12:24,384 - DEBUG - -> - Skipping already in-progress test.py -> Team #1-01
2025-10-01 23:12:24,384 - DEBUG - -> - Skipping already in-progress test.py -> Team #8-15
2025-10-01 23:12:24,384 - DEBUG - -> - Skipping already in-progress test.py -> Team #11-21
2025-10-01 23:12:24,384 - DEBUG - -> - Skipping already in-progress test.py -> Team #12-23
2025-10-01 23:12:24,384 - DEBUG - -> - Skipping already in-progress test.py -> Team #5-09
2025-10-01 23:12:24,384 - DEBUG - -> - Skipping already in-progress test.py -> Team #15-29
2025-10-01 23:12:24,384 - DEBUG - -> - Skipping already in-progress test.py -> Team #6-11
2025-10-01 23:12:24,384 - DEBUG - -> - Skipping already in-progress test.py -> Team #4-07
2025-10-01 23:12:24,408 - INFO - -> - 🏁 [test -> Team #12-23] Found 1 flag(s)
2025-10-01 23:12:24,408 - INFO - -> - 🏁 [test -> Team #9-17] Found 1 flag(s)
2025-10-01 23:12:24,427 - DEBUG - -> - Skipping duplicate pending flag: COMPFEST17{23}
2025-10-01 23:12:24,427 - DEBUG - -> - Skipping duplicate pending flag: COMPFEST17{17}
2025-10-01 23:12:24,443 - INFO - -> - 🏁 [test -> Team #5-09] Found 1 flag(s)
2025-10-01 23:12:24,443 - DEBUG - -> - Skipping duplicate pending flag: COMPFEST17{09}
2025-10-01 23:12:24,443 - INFO - -> - 🏁 [test -> Team #11-21] Found 1 flag(s)
2025-10-01 23:12:24,443 - DEBUG - -> - Skipping duplicate pending flag: COMPFEST17{21}
2025-10-01 23:12:24,458 - INFO - -> - 🏁 [test -> Team #6-11] Found 1 flag(s)
2025-10-01 23:12:24,458 - DEBUG - -> - Skipping duplicate pending flag: COMPFEST17{11}
2025-10-01 23:12:24,458 - INFO - -> - 🏁 [test -> Team #14-27] Found 1 flag(s)
2025-10-01 23:12:24,461 - DEBUG - -> - Skipping duplicate pending flag: COMPFEST17{27}
2025-10-01 23:12:24,474 - INFO - -> - 🏁 [test -> Team #7-13] Found 1 flag(s)
2025-10-01 23:12:24,474 - DEBUG - -> - Skipping duplicate pending flag: COMPFEST17{13}
2025-10-01 23:12:24,476 - INFO - -> - 🏁 [test -> Team #8-15] Found 1 flag(s)
2025-10-01 23:12:24,476 - DEBUG - -> - Skipping duplicate pending flag: COMPFEST17{15}
2025-10-01 23:12:24,488 - INFO - -> - 🏁 [test -> Team #3-05] Found 1 flag(s)
2025-10-01 23:12:24,489 - DEBUG - -> - Skipping duplicate pending flag: COMPFEST17{05}
2025-10-01 23:12:24,490 - INFO - -> - 🏁 [test -> Team #2-03] Found 1 flag(s)
2025-10-01 23:12:24,491 - DEBUG - -> - Skipping duplicate pending flag: COMPFEST17{03}
2025-10-01 23:12:24,503 - INFO - -> - 🏁 [test -> Team #1-01] Found 1 flag(s)
2025-10-01 23:12:24,503 - DEBUG - -> - Skipping duplicate pending flag: COMPFEST17{01}
2025-10-01 23:12:24,505 - INFO - -> - 🏁 [test -> Team #15-29] Found 1 flag(s)
2025-10-01 23:12:24,505 - DEBUG - -> - Skipping duplicate pending flag: COMPFEST17{29}
2025-10-01 23:12:24,518 - INFO - -> - 🏁 [test -> Team #13-25] Found 1 flag(s)
2025-10-01 23:12:24,518 - DEBUG - -> - Skipping duplicate pending flag: COMPFEST17{25}
2025-10-01 23:12:24,519 - INFO - -> - 🏁 [test -> Team #4-07] Found 1 flag(s)
2025-10-01 23:12:24,519 - DEBUG - -> - Skipping duplicate pending flag: COMPFEST17{07}
2025-10-01 23:12:24,532 - INFO - -> - 🏁 [test -> Team #10-19] Found 1 flag(s)
2025-10-01 23:12:24,533 - DEBUG - -> - Skipping duplicate pending flag: COMPFEST17{19}
2025-10-01 23:12:24,881 - INFO - -> - 📤 Candidates for submission (15)
2025-10-01 23:12:24,882 - INFO - -> - 📤 Selected to submit (15)
2025-10-01 23:12:27,935 - INFO - -> - ⏳ COMPFEST17{13}: QUEUED HTTPSConnectionPool(host='api.ctf-compfest.com', port=443): Max retries exceeded with url: /api/v2/submit (Caused by NewConnectionError('<urllib3.connection.HTTPSConnection object at 0x77c054650da0>: Failed to establish a new connection: [Errno 113] No route to host'))
2025-10-01 23:12:27,935 - INFO - -> - ⏳ COMPFEST17{15}: QUEUED HTTPSConnectionPool(host='api.ctf-compfest.com', port=443): Max retries exceeded with url: /api/v2/submit (Caused by NewConnectionError('<urllib3.connection.HTTPSConnection object at 0x77c054650da0>: Failed to establish a new connection: [Errno 113] No route to host'))
2025-10-01 23:12:27,935 - INFO - -> - ⏳ COMPFEST17{19}: QUEUED HTTPSConnectionPool(host='api.ctf-compfest.com', port=443): Max retries exceeded with url: /api/v2/submit (Caused by NewConnectionError('<urllib3.connection.HTTPSConnection object at 0x77c054650da0>: Failed to establish a new connection: [Errno 113] No route to host'))
2025-10-01 23:12:27,935 - INFO - -> - ⏳ COMPFEST17{29}: QUEUED HTTPSConnectionPool(host='api.ctf-compfest.com', port=443): Max retries exceeded with url: /api/v2/submit (Caused by NewConnectionError('<urllib3.connection.HTTPSConnection object at 0x77c054650da0>: Failed to establish a new connection: [Errno 113] No route to host'))
2025-10-01 23:12:27,935 - INFO - -> - ⏳ COMPFEST17{11}: QUEUED HTTPSConnectionPool(host='api.ctf-compfest.com', port=443): Max retries exceeded with url: /api/v2/submit (Caused by NewConnectionError('<urllib3.connection.HTTPSConnection object at 0x77c054650da0>: Failed to establish a new connection: [Errno 113] No route to host'))
2025-10-01 23:12:27,935 - INFO - -> - ⏳ COMPFEST17{27}: QUEUED HTTPSConnectionPool(host='api.ctf-compfest.com', port=443): Max retries exceeded with url: /api/v2/submit (Caused by NewConnectionError('<urllib3.connection.HTTPSConnection object at 0x77c054650da0>: Failed to establish a new connection: [Errno 113] No route to host'))
2025-10-01 23:12:27,935 - INFO - -> - ⏳ COMPFEST17{21}: QUEUED HTTPSConnectionPool(host='api.ctf-compfest.com', port=443): Max retries exceeded with url: /api/v2/submit (Caused by NewConnectionError('<urllib3.connection.HTTPSConnection object at 0x77c054650da0>: Failed to establish a new connection: [Errno 113] No route to host'))
2025-10-01 23:12:27,935 - INFO - -> - ⏳ COMPFEST17{07}: QUEUED HTTPSConnectionPool(host='api.ctf-compfest.com', port=443): Max retries exceeded with url: /api/v2/submit (Caused by NewConnectionError('<urllib3.connection.HTTPSConnection object at 0x77c054650da0>: Failed to establish a new connection: [Errno 113] No route to host'))
2025-10-01 23:12:27,935 - INFO - -> - ⏳ COMPFEST17{03}: QUEUED HTTPSConnectionPool(host='api.ctf-compfest.com', port=443): Max retries exceeded with url: /api/v2/submit (Caused by NewConnectionError('<urllib3.connection.HTTPSConnection object at 0x77c054650da0>: Failed to establish a new connection: [Errno 113] No route to host'))
2025-10-01 23:12:27,935 - INFO - -> - ⏳ COMPFEST17{17}: QUEUED HTTPSConnectionPool(host='api.ctf-compfest.com', port=443): Max retries exceeded with url: /api/v2/submit (Caused by NewConnectionError('<urllib3.connection.HTTPSConnection object at 0x77c054650da0>: Failed to establish a new connection: [Errno 113] No route to host'))
2025-10-01 23:12:27,936 - INFO - -> - ⏳ COMPFEST17{01}: QUEUED HTTPSConnectionPool(host='api.ctf-compfest.com', port=443): Max retries exceeded with url: /api/v2/submit (Caused by NewConnectionError('<urllib3.connection.HTTPSConnection object at 0x77c054650da0>: Failed to establish a new connection: [Errno 113] No route to host'))
2025-10-01 23:12:27,936 - INFO - -> - ⏳ COMPFEST17{05}: QUEUED HTTPSConnectionPool(host='api.ctf-compfest.com', port=443): Max retries exceeded with url: /api/v2/submit (Caused by NewConnectionError('<urllib3.connection.HTTPSConnection object at 0x77c054650da0>: Failed to establish a new connection: [Errno 113] No route to host'))
2025-10-01 23:12:27,936 - INFO - -> - ⏳ COMPFEST17{09}: QUEUED HTTPSConnectionPool(host='api.ctf-compfest.com', port=443): Max retries exceeded with url: /api/v2/submit (Caused by NewConnectionError('<urllib3.connection.HTTPSConnection object at 0x77c054650da0>: Failed to establish a new connection: [Errno 113] No route to host'))
2025-10-01 23:12:27,936 - INFO - -> - ⏳ COMPFEST17{25}: QUEUED HTTPSConnectionPool(host='api.ctf-compfest.com', port=443): Max retries exceeded with url: /api/v2/submit (Caused by NewConnectionError('<urllib3.connection.HTTPSConnection object at 0x77c054650da0>: Failed to establish a new connection: [Errno 113] No route to host'))
2025-10-01 23:12:27,936 - INFO - -> - ⏳ COMPFEST17{23}: QUEUED HTTPSConnectionPool(host='api.ctf-compfest.com', port=443): Max retries exceeded with url: /api/v2/submit (Caused by NewConnectionError('<urllib3.connection.HTTPSConnection object at 0x77c054650da0>: Failed to establish a new connection: [Errno 113] No route to host'))
2025-10-01 23:12:27,936 - INFO - -> - Submission Summary: accepted=0 rejected=0 queued=15
2025-10-01 23:12:27,936 - INFO - -> - Cycle finished; sleeping 26s
2025-10-01 23:12:32,963 - INFO - -> - Starting enhanced runner: per-solver threads ALWAYS on. Per-solver concurrent attacks=True
2025-10-01 23:12:33,001 - INFO - -> - Initialized SQLite DB for flags
2025-10-01 23:12:33,020 - INFO - -> - Starting full-run cycle: signaling all solver threads to run
2025-10-01 23:12:33,021 - INFO - -> - Solver thread started for test.py
2025-10-01 23:12:33,022 - INFO - -> - Signaled 1 solver threads this cycle
2025-10-01 23:12:33,023 - INFO - -> - Watcher started, initial solvers=1
2025-10-01 23:12:33,024 - DEBUG - -> - Skipping already in-progress test.py -> Team #9-17
2025-10-01 23:12:33,024 - DEBUG - -> - Skipping already in-progress test.py -> Team #3-05
2025-10-01 23:12:33,025 - DEBUG - -> - Skipping already in-progress test.py -> Team #11-21
2025-10-01 23:12:33,025 - DEBUG - -> - Skipping already in-progress test.py -> Team #14-27
2025-10-01 23:12:33,026 - DEBUG - -> - Skipping already in-progress test.py -> Team #10-19
2025-10-01 23:12:33,026 - DEBUG - -> - Skipping already in-progress test.py -> Team #15-29
2025-10-01 23:12:33,026 - DEBUG - -> - Skipping already in-progress test.py -> Team #1-01
2025-10-01 23:12:33,026 - DEBUG - -> - Skipping already in-progress test.py -> Team #2-03
2025-10-01 23:12:33,027 - DEBUG - -> - Skipping already in-progress test.py -> Team #6-11
2025-10-01 23:12:33,027 - DEBUG - -> - Skipping already in-progress test.py -> Team #7-13
2025-10-01 23:12:33,027 - DEBUG - -> - Skipping already in-progress test.py -> Team #4-07
2025-10-01 23:12:33,027 - DEBUG - -> - Skipping already in-progress test.py -> Team #8-15
2025-10-01 23:12:33,027 - DEBUG - -> - Skipping already in-progress test.py -> Team #12-23
2025-10-01 23:12:33,027 - DEBUG - -> - Skipping already in-progress test.py -> Team #5-09
2025-10-01 23:12:33,027 - DEBUG - -> - Skipping already in-progress test.py -> Team #13-25
2025-10-01 23:12:33,055 - INFO - -> - 🏁 [test -> Team #8-15] Found 1 flag(s)
2025-10-01 23:12:33,074 - INFO - -> - 🏁 [test -> Team #4-07] Found 1 flag(s)
2025-10-01 23:12:33,074 - DEBUG - -> - Skipping duplicate pending flag: COMPFEST17{15}
2025-10-01 23:12:33,075 - DEBUG - -> - Skipping duplicate pending flag: COMPFEST17{07}
2025-10-01 23:12:33,091 - INFO - -> - 🏁 [test -> Team #14-27] Found 1 flag(s)
2025-10-01 23:12:33,091 - INFO - -> - 🏁 [test -> Team #3-05] Found 1 flag(s)
2025-10-01 23:12:33,091 - DEBUG - -> - Skipping duplicate pending flag: COMPFEST17{27}
2025-10-01 23:12:33,091 - DEBUG - -> - Skipping duplicate pending flag: COMPFEST17{05}
2025-10-01 23:12:33,106 - INFO - -> - 🏁 [test -> Team #6-11] Found 1 flag(s)
2025-10-01 23:12:33,107 - DEBUG - -> - Skipping duplicate pending flag: COMPFEST17{11}
2025-10-01 23:12:33,107 - INFO - -> - 🏁 [test -> Team #2-03] Found 1 flag(s)
2025-10-01 23:12:33,107 - DEBUG - -> - Skipping duplicate pending flag: COMPFEST17{03}
2025-10-01 23:12:33,122 - INFO - -> - 🏁 [test -> Team #11-21] Found 1 flag(s)
2025-10-01 23:12:33,122 - DEBUG - -> - Skipping duplicate pending flag: COMPFEST17{21}
2025-10-01 23:12:33,123 - INFO - -> - 🏁 [test -> Team #13-25] Found 1 flag(s)
2025-10-01 23:12:33,123 - DEBUG - -> - Skipping duplicate pending flag: COMPFEST17{25}
2025-10-01 23:12:33,139 - INFO - -> - 🏁 [test -> Team #7-13] Found 1 flag(s)
2025-10-01 23:12:33,139 - DEBUG - -> - Skipping duplicate pending flag: COMPFEST17{13}
2025-10-01 23:12:33,140 - INFO - -> - 🏁 [test -> Team #12-23] Found 1 flag(s)
2025-10-01 23:12:33,140 - DEBUG - -> - Skipping duplicate pending flag: COMPFEST17{23}
2025-10-01 23:12:33,155 - INFO - -> - 🏁 [test -> Team #9-17] Found 1 flag(s)
2025-10-01 23:12:33,155 - DEBUG - -> - Skipping duplicate pending flag: COMPFEST17{17}
2025-10-01 23:12:33,156 - INFO - -> - 🏁 [test -> Team #10-19] Found 1 flag(s)
2025-10-01 23:12:33,156 - DEBUG - -> - Skipping duplicate pending flag: COMPFEST17{19}
2025-10-01 23:12:33,170 - INFO - -> - 🏁 [test -> Team #1-01] Found 1 flag(s)
2025-10-01 23:12:33,170 - DEBUG - -> - Skipping duplicate pending flag: COMPFEST17{01}
2025-10-01 23:12:33,171 - INFO - -> - 🏁 [test -> Team #15-29] Found 1 flag(s)
2025-10-01 23:12:33,171 - DEBUG - -> - Skipping duplicate pending flag: COMPFEST17{29}
2025-10-01 23:12:33,186 - INFO - -> - 🏁 [test -> Team #5-09] Found 1 flag(s)
2025-10-01 23:12:33,186 - DEBUG - -> - Skipping duplicate pending flag: COMPFEST17{09}
2025-10-01 23:12:33,522 - INFO - -> - 📤 Candidates for submission (15)
2025-10-01 23:12:33,522 - INFO - -> - 📤 Selected to submit (15)
2025-10-01 23:12:36,639 - INFO - -> - ⏳ COMPFEST17{27}: QUEUED HTTPSConnectionPool(host='api.ctf-compfest.com', port=443): Max retries exceeded with url: /api/v2/submit (Caused by NewConnectionError('<urllib3.connection.HTTPSConnection object at 0x78d51461f3b0>: Failed to establish a new connection: [Errno 113] No route to host'))
2025-10-01 23:12:36,639 - INFO - -> - ⏳ COMPFEST17{25}: QUEUED HTTPSConnectionPool(host='api.ctf-compfest.com', port=443): Max retries exceeded with url: /api/v2/submit (Caused by NewConnectionError('<urllib3.connection.HTTPSConnection object at 0x78d51461f3b0>: Failed to establish a new connection: [Errno 113] No route to host'))
2025-10-01 23:12:36,639 - INFO - -> - ⏳ COMPFEST17{17}: QUEUED HTTPSConnectionPool(host='api.ctf-compfest.com', port=443): Max retries exceeded with url: /api/v2/submit (Caused by NewConnectionError('<urllib3.connection.HTTPSConnection object at 0x78d51461f3b0>: Failed to establish a new connection: [Errno 113] No route to host'))
2025-10-01 23:12:36,639 - INFO - -> - ⏳ COMPFEST17{07}: QUEUED HTTPSConnectionPool(host='api.ctf-compfest.com', port=443): Max retries exceeded with url: /api/v2/submit (Caused by NewConnectionError('<urllib3.connection.HTTPSConnection object at 0x78d51461f3b0>: Failed to establish a new connection: [Errno 113] No route to host'))
2025-10-01 23:12:36,639 - INFO - -> - ⏳ COMPFEST17{11}: QUEUED HTTPSConnectionPool(host='api.ctf-compfest.com', port=443): Max retries exceeded with url: /api/v2/submit (Caused by NewConnectionError('<urllib3.connection.HTTPSConnection object at 0x78d51461f3b0>: Failed to establish a new connection: [Errno 113] No route to host'))
2025-10-01 23:12:36,639 - INFO - -> - ⏳ COMPFEST17{21}: QUEUED HTTPSConnectionPool(host='api.ctf-compfest.com', port=443): Max retries exceeded with url: /api/v2/submit (Caused by NewConnectionError('<urllib3.connection.HTTPSConnection object at 0x78d51461f3b0>: Failed to establish a new connection: [Errno 113] No route to host'))
2025-10-01 23:12:36,639 - INFO - -> - ⏳ COMPFEST17{13}: QUEUED HTTPSConnectionPool(host='api.ctf-compfest.com', port=443): Max retries exceeded with url: /api/v2/submit (Caused by NewConnectionError('<urllib3.connection.HTTPSConnection object at 0x78d51461f3b0>: Failed to establish a new connection: [Errno 113] No route to host'))
2025-10-01 23:12:36,639 - INFO - -> - ⏳ COMPFEST17{19}: QUEUED HTTPSConnectionPool(host='api.ctf-compfest.com', port=443): Max retries exceeded with url: /api/v2/submit (Caused by NewConnectionError('<urllib3.connection.HTTPSConnection object at 0x78d51461f3b0>: Failed to establish a new connection: [Errno 113] No route to host'))
2025-10-01 23:12:36,639 - INFO - -> - ⏳ COMPFEST17{05}: QUEUED HTTPSConnectionPool(host='api.ctf-compfest.com', port=443): Max retries exceeded with url: /api/v2/submit (Caused by NewConnectionError('<urllib3.connection.HTTPSConnection object at 0x78d51461f3b0>: Failed to establish a new connection: [Errno 113] No route to host'))
2025-10-01 23:12:36,639 - INFO - -> - ⏳ COMPFEST17{15}: QUEUED HTTPSConnectionPool(host='api.ctf-compfest.com', port=443): Max retries exceeded with url: /api/v2/submit (Caused by NewConnectionError('<urllib3.connection.HTTPSConnection object at 0x78d51461f3b0>: Failed to establish a new connection: [Errno 113] No route to host'))
2025-10-01 23:12:36,640 - INFO - -> - ⏳ COMPFEST17{03}: QUEUED HTTPSConnectionPool(host='api.ctf-compfest.com', port=443): Max retries exceeded with url: /api/v2/submit (Caused by NewConnectionError('<urllib3.connection.HTTPSConnection object at 0x78d51461f3b0>: Failed to establish a new connection: [Errno 113] No route to host'))
2025-10-01 23:12:36,640 - INFO - -> - ⏳ COMPFEST17{01}: QUEUED HTTPSConnectionPool(host='api.ctf-compfest.com', port=443): Max retries exceeded with url: /api/v2/submit (Caused by NewConnectionError('<urllib3.connection.HTTPSConnection object at 0x78d51461f3b0>: Failed to establish a new connection: [Errno 113] No route to host'))
2025-10-01 23:12:36,640 - INFO - -> - ⏳ COMPFEST17{29}: QUEUED HTTPSConnectionPool(host='api.ctf-compfest.com', port=443): Max retries exceeded with url: /api/v2/submit (Caused by NewConnectionError('<urllib3.connection.HTTPSConnection object at 0x78d51461f3b0>: Failed to establish a new connection: [Errno 113] No route to host'))
2025-10-01 23:12:36,640 - INFO - -> - ⏳ COMPFEST17{23}: QUEUED HTTPSConnectionPool(host='api.ctf-compfest.com', port=443): Max retries exceeded with url: /api/v2/submit (Caused by NewConnectionError('<urllib3.connection.HTTPSConnection object at 0x78d51461f3b0>: Failed to establish a new connection: [Errno 113] No route to host'))
2025-10-01 23:12:36,640 - INFO - -> - ⏳ COMPFEST17{09}: QUEUED HTTPSConnectionPool(host='api.ctf-compfest.com', port=443): Max retries exceeded with url: /api/v2/submit (Caused by NewConnectionError('<urllib3.connection.HTTPSConnection object at 0x78d51461f3b0>: Failed to establish a new connection: [Errno 113] No route to host'))
2025-10-01 23:12:36,640 - INFO - -> - Submission Summary: accepted=0 rejected=0 queued=15
2025-10-01 23:12:36,640 - INFO - -> - Cycle finished; sleeping 26s
2025-10-01 23:12:42,892 - INFO - -> - Starting enhanced runner: per-solver threads ALWAYS on. Per-solver concurrent attacks=True
2025-10-01 23:12:42,947 - INFO - -> - Initialized SQLite DB for flags
2025-10-01 23:12:42,948 - INFO - -> - Starting full-run cycle: signaling all solver threads to run
2025-10-01 23:12:42,949 - INFO - -> - Solver thread started for test.py
2025-10-01 23:12:42,949 - INFO - -> - Signaled 1 solver threads this cycle
2025-10-01 23:12:42,951 - INFO - -> - Watcher started, initial solvers=1
2025-10-01 23:12:42,952 - DEBUG - -> - Skipping already in-progress test.py -> Team #11-21
2025-10-01 23:12:42,953 - DEBUG - -> - Skipping already in-progress test.py -> Team #15-29
2025-10-01 23:12:42,953 - DEBUG - -> - Skipping already in-progress test.py -> Team #8-15
2025-10-01 23:12:42,953 - DEBUG - -> - Skipping already in-progress test.py -> Team #9-17
2025-10-01 23:12:42,953 - DEBUG - -> - Skipping already in-progress test.py -> Team #14-27
2025-10-01 23:12:42,953 - DEBUG - -> - Skipping already in-progress test.py -> Team #12-23
2025-10-01 23:12:42,953 - DEBUG - -> - Skipping already in-progress test.py -> Team #3-05
2025-10-01 23:12:42,954 - DEBUG - -> - Skipping already in-progress test.py -> Team #4-07
2025-10-01 23:12:42,954 - DEBUG - -> - Skipping already in-progress test.py -> Team #13-25
2025-10-01 23:12:42,954 - DEBUG - -> - Skipping already in-progress test.py -> Team #1-01
2025-10-01 23:12:42,954 - DEBUG - -> - Skipping already in-progress test.py -> Team #7-13
2025-10-01 23:12:42,954 - DEBUG - -> - Skipping already in-progress test.py -> Team #6-11
2025-10-01 23:12:42,954 - DEBUG - -> - Skipping already in-progress test.py -> Team #2-03
2025-10-01 23:12:42,954 - DEBUG - -> - Skipping already in-progress test.py -> Team #5-09
2025-10-01 23:12:42,954 - DEBUG - -> - Skipping already in-progress test.py -> Team #10-19
2025-10-01 23:12:42,986 - INFO - -> - 🏁 [test -> Team #1-01] Found 1 flag(s)
2025-10-01 23:12:42,986 - INFO - -> - 🏁 [test -> Team #4-07] Found 1 flag(s)
2025-10-01 23:12:42,987 - DEBUG - -> - Skipping duplicate pending flag: COMPFEST17{01}
2025-10-01 23:12:42,987 - DEBUG - -> - Skipping duplicate pending flag: COMPFEST17{07}
2025-10-01 23:12:43,005 - INFO - -> - 🏁 [test -> Team #11-21] Found 1 flag(s)
2025-10-01 23:12:43,006 - INFO - -> - 🏁 [test -> Team #3-05] Found 1 flag(s)
2025-10-01 23:12:43,006 - DEBUG - -> - Skipping duplicate pending flag: COMPFEST17{21}
2025-10-01 23:12:43,007 - DEBUG - -> - Skipping duplicate pending flag: COMPFEST17{05}
2025-10-01 23:12:43,024 - INFO - -> - 🏁 [test -> Team #15-29] Found 1 flag(s)
2025-10-01 23:12:43,024 - INFO - -> - 🏁 [test -> Team #6-11] Found 1 flag(s)
2025-10-01 23:12:43,024 - DEBUG - -> - Skipping duplicate pending flag: COMPFEST17{29}
2025-10-01 23:12:43,025 - DEBUG - -> - Skipping duplicate pending flag: COMPFEST17{11}
2025-10-01 23:12:43,042 - INFO - -> - 🏁 [test -> Team #8-15] Found 1 flag(s)
2025-10-01 23:12:43,042 - INFO - -> - 🏁 [test -> Team #10-19] Found 1 flag(s)
2025-10-01 23:12:43,042 - DEBUG - -> - Skipping duplicate pending flag: COMPFEST17{15}
2025-10-01 23:12:43,042 - DEBUG - -> - Skipping duplicate pending flag: COMPFEST17{19}
2025-10-01 23:12:43,058 - INFO - -> - 🏁 [test -> Team #13-25] Found 1 flag(s)
2025-10-01 23:12:43,058 - DEBUG - -> - Skipping duplicate pending flag: COMPFEST17{25}
2025-10-01 23:12:43,060 - INFO - -> - 🏁 [test -> Team #9-17] Found 1 flag(s)
2025-10-01 23:12:43,060 - DEBUG - -> - Skipping duplicate pending flag: COMPFEST17{17}
2025-10-01 23:12:43,073 - INFO - -> - 🏁 [test -> Team #12-23] Found 1 flag(s)
2025-10-01 23:12:43,074 - DEBUG - -> - Skipping duplicate pending flag: COMPFEST17{23}
2025-10-01 23:12:43,080 - INFO - -> - 🏁 [test -> Team #7-13] Found 1 flag(s)
2025-10-01 23:12:43,080 - DEBUG - -> - Skipping duplicate pending flag: COMPFEST17{13}
2025-10-01 23:12:43,089 - INFO - -> - 🏁 [test -> Team #5-09] Found 1 flag(s)
2025-10-01 23:12:43,089 - DEBUG - -> - Skipping duplicate pending flag: COMPFEST17{09}
2025-10-01 23:12:43,096 - INFO - -> - 🏁 [test -> Team #14-27] Found 1 flag(s)
2025-10-01 23:12:43,097 - DEBUG - -> - Skipping duplicate pending flag: COMPFEST17{27}
2025-10-01 23:12:43,106 - INFO - -> - 🏁 [test -> Team #2-03] Found 1 flag(s)
2025-10-01 23:12:43,106 - DEBUG - -> - Skipping duplicate pending flag: COMPFEST17{03}
2025-10-01 23:12:43,450 - INFO - -> - 📤 Candidates for submission (15)
2025-10-01 23:12:43,451 - INFO - -> - 📤 Selected to submit (15)
2025-10-01 23:12:46,559 - INFO - -> - ⏳ COMPFEST17{13}: QUEUED HTTPSConnectionPool(host='api.ctf-compfest.com', port=443): Max retries exceeded with url: /api/v2/submit (Caused by NewConnectionError('<urllib3.connection.HTTPSConnection object at 0x7a70d51b5a60>: Failed to establish a new connection: [Errno 113] No route to host'))
2025-10-01 23:12:46,559 - INFO - -> - ⏳ COMPFEST17{27}: QUEUED HTTPSConnectionPool(host='api.ctf-compfest.com', port=443): Max retries exceeded with url: /api/v2/submit (Caused by NewConnectionError('<urllib3.connection.HTTPSConnection object at 0x7a70d51b5a60>: Failed to establish a new connection: [Errno 113] No route to host'))
2025-10-01 23:12:46,560 - INFO - -> - ⏳ COMPFEST17{07}: QUEUED HTTPSConnectionPool(host='api.ctf-compfest.com', port=443): Max retries exceeded with url: /api/v2/submit (Caused by NewConnectionError('<urllib3.connection.HTTPSConnection object at 0x7a70d51b5a60>: Failed to establish a new connection: [Errno 113] No route to host'))
2025-10-01 23:12:46,560 - INFO - -> - ⏳ COMPFEST17{05}: QUEUED HTTPSConnectionPool(host='api.ctf-compfest.com', port=443): Max retries exceeded with url: /api/v2/submit (Caused by NewConnectionError('<urllib3.connection.HTTPSConnection object at 0x7a70d51b5a60>: Failed to establish a new connection: [Errno 113] No route to host'))
2025-10-01 23:12:46,560 - INFO - -> - ⏳ COMPFEST17{29}: QUEUED HTTPSConnectionPool(host='api.ctf-compfest.com', port=443): Max retries exceeded with url: /api/v2/submit (Caused by NewConnectionError('<urllib3.connection.HTTPSConnection object at 0x7a70d51b5a60>: Failed to establish a new connection: [Errno 113] No route to host'))
2025-10-01 23:12:46,560 - INFO - -> - ⏳ COMPFEST17{01}: QUEUED HTTPSConnectionPool(host='api.ctf-compfest.com', port=443): Max retries exceeded with url: /api/v2/submit (Caused by NewConnectionError('<urllib3.connection.HTTPSConnection object at 0x7a70d51b5a60>: Failed to establish a new connection: [Errno 113] No route to host'))
2025-10-01 23:12:46,560 - INFO - -> - ⏳ COMPFEST17{03}: QUEUED HTTPSConnectionPool(host='api.ctf-compfest.com', port=443): Max retries exceeded with url: /api/v2/submit (Caused by NewConnectionError('<urllib3.connection.HTTPSConnection object at 0x7a70d51b5a60>: Failed to establish a new connection: [Errno 113] No route to host'))
2025-10-01 23:12:46,560 - INFO - -> - ⏳ COMPFEST17{25}: QUEUED HTTPSConnectionPool(host='api.ctf-compfest.com', port=443): Max retries exceeded with url: /api/v2/submit (Caused by NewConnectionError('<urllib3.connection.HTTPSConnection object at 0x7a70d51b5a60>: Failed to establish a new connection: [Errno 113] No route to host'))
2025-10-01 23:12:46,560 - INFO - -> - ⏳ COMPFEST17{19}: QUEUED HTTPSConnectionPool(host='api.ctf-compfest.com', port=443): Max retries exceeded with url: /api/v2/submit (Caused by NewConnectionError('<urllib3.connection.HTTPSConnection object at 0x7a70d51b5a60>: Failed to establish a new connection: [Errno 113] No route to host'))
2025-10-01 23:12:46,560 - INFO - -> - ⏳ COMPFEST17{11}: QUEUED HTTPSConnectionPool(host='api.ctf-compfest.com', port=443): Max retries exceeded with url: /api/v2/submit (Caused by NewConnectionError('<urllib3.connection.HTTPSConnection object at 0x7a70d51b5a60>: Failed to establish a new connection: [Errno 113] No route to host'))
2025-10-01 23:12:46,560 - INFO - -> - ⏳ COMPFEST17{21}: QUEUED HTTPSConnectionPool(host='api.ctf-compfest.com', port=443): Max retries exceeded with url: /api/v2/submit (Caused by NewConnectionError('<urllib3.connection.HTTPSConnection object at 0x7a70d51b5a60>: Failed to establish a new connection: [Errno 113] No route to host'))
2025-10-01 23:12:46,560 - INFO - -> - ⏳ COMPFEST17{17}: QUEUED HTTPSConnectionPool(host='api.ctf-compfest.com', port=443): Max retries exceeded with url: /api/v2/submit (Caused by NewConnectionError('<urllib3.connection.HTTPSConnection object at 0x7a70d51b5a60>: Failed to establish a new connection: [Errno 113] No route to host'))
2025-10-01 23:12:46,560 - INFO - -> - ⏳ COMPFEST17{23}: QUEUED HTTPSConnectionPool(host='api.ctf-compfest.com', port=443): Max retries exceeded with url: /api/v2/submit (Caused by NewConnectionError('<urllib3.connection.HTTPSConnection object at 0x7a70d51b5a60>: Failed to establish a new connection: [Errno 113] No route to host'))
2025-10-01 23:12:46,560 - INFO - -> - ⏳ COMPFEST17{15}: QUEUED HTTPSConnectionPool(host='api.ctf-compfest.com', port=443): Max retries exceeded with url: /api/v2/submit (Caused by NewConnectionError('<urllib3.connection.HTTPSConnection object at 0x7a70d51b5a60>: Failed to establish a new connection: [Errno 113] No route to host'))
2025-10-01 23:12:46,560 - INFO - -> - ⏳ COMPFEST17{09}: QUEUED HTTPSConnectionPool(host='api.ctf-compfest.com', port=443): Max retries exceeded with url: /api/v2/submit (Caused by NewConnectionError('<urllib3.connection.HTTPSConnection object at 0x7a70d51b5a60>: Failed to establish a new connection: [Errno 113] No route to host'))
2025-10-01 23:12:46,560 - INFO - -> - Submission Summary: accepted=0 rejected=0 queued=15
2025-10-01 23:12:46,560 - INFO - -> - Cycle finished; sleeping 26s
2025-10-01 23:12:51,095 - INFO - -> - Starting enhanced runner: per-solver threads ALWAYS on. Per-solver concurrent attacks=True
2025-10-01 23:12:51,138 - INFO - -> - Initialized SQLite DB for flags
2025-10-01 23:12:51,150 - INFO - -> - Starting full-run cycle: signaling all solver threads to run
2025-10-01 23:12:51,167 - INFO - -> - Solver thread started for test.py
2025-10-01 23:12:51,167 - INFO - -> - Signaled 1 solver threads this cycle
2025-10-01 23:12:51,167 - INFO - -> - Watcher started, initial solvers=1
2025-10-01 23:12:51,169 - DEBUG - -> - Skipping already in-progress test.py -> Team #1-01
2025-10-01 23:12:51,170 - DEBUG - -> - Skipping already in-progress test.py -> Team #7-13
2025-10-01 23:12:51,170 - DEBUG - -> - Skipping already in-progress test.py -> Team #5-09
2025-10-01 23:12:51,170 - DEBUG - -> - Skipping already in-progress test.py -> Team #4-07
2025-10-01 23:12:51,170 - DEBUG - -> - Skipping already in-progress test.py -> Team #2-03
2025-10-01 23:12:51,170 - DEBUG - -> - Skipping already in-progress test.py -> Team #15-29
2025-10-01 23:12:51,170 - DEBUG - -> - Skipping already in-progress test.py -> Team #14-27
2025-10-01 23:12:51,170 - DEBUG - -> - Skipping already in-progress test.py -> Team #3-05
2025-10-01 23:12:51,170 - DEBUG - -> - Skipping already in-progress test.py -> Team #9-17
2025-10-01 23:12:51,170 - DEBUG - -> - Skipping already in-progress test.py -> Team #10-19
2025-10-01 23:12:51,170 - DEBUG - -> - Skipping already in-progress test.py -> Team #6-11
2025-10-01 23:12:51,170 - DEBUG - -> - Skipping already in-progress test.py -> Team #11-21
2025-10-01 23:12:51,170 - DEBUG - -> - Skipping already in-progress test.py -> Team #13-25
2025-10-01 23:12:51,171 - DEBUG - -> - Skipping already in-progress test.py -> Team #8-15
2025-10-01 23:12:51,171 - DEBUG - -> - Skipping already in-progress test.py -> Team #12-23
2025-10-01 23:12:51,190 - INFO - -> - 🏁 [test -> Team #2-03] Found 1 flag(s)
2025-10-01 23:12:51,203 - INFO - -> - 🏁 [test -> Team #10-19] Found 1 flag(s)
2025-10-01 23:12:51,208 - DEBUG - -> - Skipping duplicate pending flag: COMPFEST17{03}
2025-10-01 23:12:51,209 - DEBUG - -> - Skipping duplicate pending flag: COMPFEST17{19}
2025-10-01 23:12:51,225 - INFO - -> - 🏁 [test -> Team #1-01] Found 1 flag(s)
2025-10-01 23:12:51,225 - DEBUG - -> - Skipping duplicate pending flag: COMPFEST17{01}
2025-10-01 23:12:51,225 - INFO - -> - 🏁 [test -> Team #9-17] Found 1 flag(s)
2025-10-01 23:12:51,226 - DEBUG - -> - Skipping duplicate pending flag: COMPFEST17{17}
2025-10-01 23:12:51,241 - INFO - -> - 🏁 [test -> Team #8-15] Found 1 flag(s)
2025-10-01 23:12:51,241 - INFO - -> - 🏁 [test -> Team #11-21] Found 1 flag(s)
2025-10-01 23:12:51,241 - DEBUG - -> - Skipping duplicate pending flag: COMPFEST17{15}
2025-10-01 23:12:51,242 - DEBUG - -> - Skipping duplicate pending flag: COMPFEST17{21}
2025-10-01 23:12:51,257 - INFO - -> - 🏁 [test -> Team #12-23] Found 1 flag(s)
2025-10-01 23:12:51,257 - DEBUG - -> - Skipping duplicate pending flag: COMPFEST17{23}
2025-10-01 23:12:51,257 - INFO - -> - 🏁 [test -> Team #3-05] Found 1 flag(s)
2025-10-01 23:12:51,258 - DEBUG - -> - Skipping duplicate pending flag: COMPFEST17{05}
2025-10-01 23:12:51,274 - INFO - -> - 🏁 [test -> Team #15-29] Found 1 flag(s)
2025-10-01 23:12:51,274 - DEBUG - -> - Skipping duplicate pending flag: COMPFEST17{29}
2025-10-01 23:12:51,275 - INFO - -> - 🏁 [test -> Team #6-11] Found 1 flag(s)
2025-10-01 23:12:51,275 - DEBUG - -> - Skipping duplicate pending flag: COMPFEST17{11}
2025-10-01 23:12:51,290 - INFO - -> - 🏁 [test -> Team #7-13] Found 1 flag(s)
2025-10-01 23:12:51,291 - DEBUG - -> - Skipping duplicate pending flag: COMPFEST17{13}
2025-10-01 23:12:51,291 - INFO - -> - 🏁 [test -> Team #5-09] Found 1 flag(s)
2025-10-01 23:12:51,292 - DEBUG - -> - Skipping duplicate pending flag: COMPFEST17{09}
2025-10-01 23:12:51,307 - INFO - -> - 🏁 [test -> Team #4-07] Found 1 flag(s)
2025-10-01 23:12:51,307 - INFO - -> - 🏁 [test -> Team #13-25] Found 1 flag(s)
2025-10-01 23:12:51,307 - DEBUG - -> - Skipping duplicate pending flag: COMPFEST17{07}
2025-10-01 23:12:51,308 - DEBUG - -> - Skipping duplicate pending flag: COMPFEST17{25}
2025-10-01 23:12:51,323 - INFO - -> - 🏁 [test -> Team #14-27] Found 1 flag(s)
2025-10-01 23:12:51,323 - DEBUG - -> - Skipping duplicate pending flag: COMPFEST17{27}
2025-10-01 23:12:51,668 - INFO - -> - 📤 Candidates for submission (15)
2025-10-01 23:12:51,668 - INFO - -> - 📤 Selected to submit (15)
2025-10-01 23:12:54,751 - INFO - -> - ⏳ COMPFEST17{17}: QUEUED HTTPSConnectionPool(host='api.ctf-compfest.com', port=443): Max retries exceeded with url: /api/v2/submit (Caused by NewConnectionError('<urllib3.connection.HTTPSConnection object at 0x7e9c3c154740>: Failed to establish a new connection: [Errno 113] No route to host'))
2025-10-01 23:12:54,751 - INFO - -> - ⏳ COMPFEST17{27}: QUEUED HTTPSConnectionPool(host='api.ctf-compfest.com', port=443): Max retries exceeded with url: /api/v2/submit (Caused by NewConnectionError('<urllib3.connection.HTTPSConnection object at 0x7e9c3c154740>: Failed to establish a new connection: [Errno 113] No route to host'))
2025-10-01 23:12:54,751 - INFO - -> - ⏳ COMPFEST17{09}: QUEUED HTTPSConnectionPool(host='api.ctf-compfest.com', port=443): Max retries exceeded with url: /api/v2/submit (Caused by NewConnectionError('<urllib3.connection.HTTPSConnection object at 0x7e9c3c154740>: Failed to establish a new connection: [Errno 113] No route to host'))
2025-10-01 23:12:54,751 - INFO - -> - ⏳ COMPFEST17{19}: QUEUED HTTPSConnectionPool(host='api.ctf-compfest.com', port=443): Max retries exceeded with url: /api/v2/submit (Caused by NewConnectionError('<urllib3.connection.HTTPSConnection object at 0x7e9c3c154740>: Failed to establish a new connection: [Errno 113] No route to host'))
2025-10-01 23:12:54,751 - INFO - -> - ⏳ COMPFEST17{21}: QUEUED HTTPSConnectionPool(host='api.ctf-compfest.com', port=443): Max retries exceeded with url: /api/v2/submit (Caused by NewConnectionError('<urllib3.connection.HTTPSConnection object at 0x7e9c3c154740>: Failed to establish a new connection: [Errno 113] No route to host'))
2025-10-01 23:12:54,751 - INFO - -> - ⏳ COMPFEST17{23}: QUEUED HTTPSConnectionPool(host='api.ctf-compfest.com', port=443): Max retries exceeded with url: /api/v2/submit (Caused by NewConnectionError('<urllib3.connection.HTTPSConnection object at 0x7e9c3c154740>: Failed to establish a new connection: [Errno 113] No route to host'))
2025-10-01 23:12:54,751 - INFO - -> - ⏳ COMPFEST17{03}: QUEUED HTTPSConnectionPool(host='api.ctf-compfest.com', port=443): Max retries exceeded with url: /api/v2/submit (Caused by NewConnectionError('<urllib3.connection.HTTPSConnection object at 0x7e9c3c154740>: Failed to establish a new connection: [Errno 113] No route to host'))
2025-10-01 23:12:54,751 - INFO - -> - ⏳ COMPFEST17{25}: QUEUED HTTPSConnectionPool(host='api.ctf-compfest.com', port=443): Max retries exceeded with url: /api/v2/submit (Caused by NewConnectionError('<urllib3.connection.HTTPSConnection object at 0x7e9c3c154740>: Failed to establish a new connection: [Errno 113] No route to host'))
2025-10-01 23:12:54,751 - INFO - -> - ⏳ COMPFEST17{15}: QUEUED HTTPSConnectionPool(host='api.ctf-compfest.com', port=443): Max retries exceeded with url: /api/v2/submit (Caused by NewConnectionError('<urllib3.connection.HTTPSConnection object at 0x7e9c3c154740>: Failed to establish a new connection: [Errno 113] No route to host'))
2025-10-01 23:12:54,751 - INFO - -> - ⏳ COMPFEST17{29}: QUEUED HTTPSConnectionPool(host='api.ctf-compfest.com', port=443): Max retries exceeded with url: /api/v2/submit (Caused by NewConnectionError('<urllib3.connection.HTTPSConnection object at 0x7e9c3c154740>: Failed to establish a new connection: [Errno 113] No route to host'))
2025-10-01 23:12:54,751 - INFO - -> - ⏳ COMPFEST17{11}: QUEUED HTTPSConnectionPool(host='api.ctf-compfest.com', port=443): Max retries exceeded with url: /api/v2/submit (Caused by NewConnectionError('<urllib3.connection.HTTPSConnection object at 0x7e9c3c154740>: Failed to establish a new connection: [Errno 113] No route to host'))
2025-10-01 23:12:54,752 - INFO - -> - ⏳ COMPFEST17{13}: QUEUED HTTPSConnectionPool(host='api.ctf-compfest.com', port=443): Max retries exceeded with url: /api/v2/submit (Caused by NewConnectionError('<urllib3.connection.HTTPSConnection object at 0x7e9c3c154740>: Failed to establish a new connection: [Errno 113] No route to host'))
2025-10-01 23:12:54,752 - INFO - -> - ⏳ COMPFEST17{07}: QUEUED HTTPSConnectionPool(host='api.ctf-compfest.com', port=443): Max retries exceeded with url: /api/v2/submit (Caused by NewConnectionError('<urllib3.connection.HTTPSConnection object at 0x7e9c3c154740>: Failed to establish a new connection: [Errno 113] No route to host'))
2025-10-01 23:12:54,752 - INFO - -> - ⏳ COMPFEST17{01}: QUEUED HTTPSConnectionPool(host='api.ctf-compfest.com', port=443): Max retries exceeded with url: /api/v2/submit (Caused by NewConnectionError('<urllib3.connection.HTTPSConnection object at 0x7e9c3c154740>: Failed to establish a new connection: [Errno 113] No route to host'))
2025-10-01 23:12:54,752 - INFO - -> - ⏳ COMPFEST17{05}: QUEUED HTTPSConnectionPool(host='api.ctf-compfest.com', port=443): Max retries exceeded with url: /api/v2/submit (Caused by NewConnectionError('<urllib3.connection.HTTPSConnection object at 0x7e9c3c154740>: Failed to establish a new connection: [Errno 113] No route to host'))
2025-10-01 23:12:54,752 - INFO - -> - Submission Summary: accepted=0 rejected=0 queued=15
2025-10-01 23:12:54,752 - INFO - -> - Cycle finished; sleeping 26s
2025-10-01 23:13:05,946 - INFO - -> - Starting enhanced runner: per-solver threads ALWAYS on. Per-solver concurrent attacks=True
2025-10-01 23:13:05,995 - INFO - -> - Initialized SQLite DB for flags
2025-10-01 23:13:06,003 - INFO - -> - Starting full-run cycle: signaling all solver threads to run
2025-10-01 23:13:06,005 - INFO - -> - Solver thread started for test.py
2025-10-01 23:13:06,005 - INFO - -> - Signaled 1 solver threads this cycle
2025-10-01 23:13:06,007 - INFO - -> - Watcher started, initial solvers=1
2025-10-01 23:13:06,009 - DEBUG - -> - Skipping already in-progress test.py -> Team #6-11
2025-10-01 23:13:06,010 - DEBUG - -> - Skipping already in-progress test.py -> Team #12-23
2025-10-01 23:13:06,010 - DEBUG - -> - Skipping already in-progress test.py -> Team #15-29
2025-10-01 23:13:06,010 - DEBUG - -> - Skipping already in-progress test.py -> Team #9-17
2025-10-01 23:13:06,010 - DEBUG - -> - Skipping already in-progress test.py -> Team #7-13
2025-10-01 23:13:06,010 - DEBUG - -> - Skipping already in-progress test.py -> Team #5-09
2025-10-01 23:13:06,010 - DEBUG - -> - Skipping already in-progress test.py -> Team #10-19
2025-10-01 23:13:06,010 - DEBUG - -> - Skipping already in-progress test.py -> Team #2-03
2025-10-01 23:13:06,010 - DEBUG - -> - Skipping already in-progress test.py -> Team #11-21
2025-10-01 23:13:06,010 - DEBUG - -> - Skipping already in-progress test.py -> Team #13-25
2025-10-01 23:13:06,010 - DEBUG - -> - Skipping already in-progress test.py -> Team #3-05
2025-10-01 23:13:06,010 - DEBUG - -> - Skipping already in-progress test.py -> Team #4-07
2025-10-01 23:13:06,010 - DEBUG - -> - Skipping already in-progress test.py -> Team #1-01
2025-10-01 23:13:06,011 - DEBUG - -> - Skipping already in-progress test.py -> Team #8-15
2025-10-01 23:13:06,011 - DEBUG - -> - Skipping already in-progress test.py -> Team #14-27
2025-10-01 23:13:06,054 - INFO - -> - 🏁 [test -> Team #6-11] Found 1 flag(s)
2025-10-01 23:13:06,056 - INFO - -> - 🏁 [test -> Team #2-03] Found 1 flag(s)
2025-10-01 23:13:06,057 - DEBUG - -> - Skipping duplicate pending flag: COMPFEST17{11}
2025-10-01 23:13:06,057 - DEBUG - -> - Skipping duplicate pending flag: COMPFEST17{03}
2025-10-01 23:13:06,073 - INFO - -> - 🏁 [test -> Team #1-01] Found 1 flag(s)
2025-10-01 23:13:06,073 - DEBUG - -> - Skipping duplicate pending flag: COMPFEST17{01}
2025-10-01 23:13:06,074 - INFO - -> - 🏁 [test -> Team #14-27] Found 1 flag(s)
2025-10-01 23:13:06,075 - DEBUG - -> - Skipping duplicate pending flag: COMPFEST17{27}
2025-10-01 23:13:06,092 - INFO - -> - 🏁 [test -> Team #7-13] Found 1 flag(s)
2025-10-01 23:13:06,092 - INFO - -> - 🏁 [test -> Team #15-29] Found 1 flag(s)
2025-10-01 23:13:06,092 - DEBUG - -> - Skipping duplicate pending flag: COMPFEST17{13}
2025-10-01 23:13:06,092 - DEBUG - -> - Skipping duplicate pending flag: COMPFEST17{29}
2025-10-01 23:13:06,112 - INFO - -> - 🏁 [test -> Team #12-23] Found 1 flag(s)
2025-10-01 23:13:06,112 - DEBUG - -> - Skipping duplicate pending flag: COMPFEST17{23}
2025-10-01 23:13:06,113 - INFO - -> - 🏁 [test -> Team #5-09] Found 1 flag(s)
2025-10-01 23:13:06,114 - DEBUG - -> - Skipping duplicate pending flag: COMPFEST17{09}
2025-10-01 23:13:06,128 - INFO - -> - 🏁 [test -> Team #13-25] Found 1 flag(s)
2025-10-01 23:13:06,128 - DEBUG - -> - Skipping duplicate pending flag: COMPFEST17{25}
2025-10-01 23:13:06,130 - INFO - -> - 🏁 [test -> Team #11-21] Found 1 flag(s)
2025-10-01 23:13:06,130 - DEBUG - -> - Skipping duplicate pending flag: COMPFEST17{21}
2025-10-01 23:13:06,143 - INFO - -> - 🏁 [test -> Team #3-05] Found 1 flag(s)
2025-10-01 23:13:06,144 - DEBUG - -> - Skipping duplicate pending flag: COMPFEST17{05}
2025-10-01 23:13:06,145 - INFO - -> - 🏁 [test -> Team #8-15] Found 1 flag(s)
2025-10-01 23:13:06,146 - DEBUG - -> - Skipping duplicate pending flag: COMPFEST17{15}
2025-10-01 23:13:06,159 - INFO - -> - 🏁 [test -> Team #9-17] Found 1 flag(s)
2025-10-01 23:13:06,159 - DEBUG - -> - Skipping duplicate pending flag: COMPFEST17{17}
2025-10-01 23:13:06,162 - INFO - -> - 🏁 [test -> Team #10-19] Found 1 flag(s)
2025-10-01 23:13:06,162 - DEBUG - -> - Skipping duplicate pending flag: COMPFEST17{19}
2025-10-01 23:13:06,175 - INFO - -> - 🏁 [test -> Team #4-07] Found 1 flag(s)
2025-10-01 23:13:06,175 - DEBUG - -> - Skipping duplicate pending flag: COMPFEST17{07}
2025-10-01 23:13:06,507 - INFO - -> - 📤 Candidates for submission (15)
2025-10-01 23:13:06,507 - INFO - -> - 📤 Selected to submit (15)
2025-10-01 23:13:09,599 - INFO - -> - ⏳ COMPFEST17{01}: QUEUED HTTPSConnectionPool(host='api.ctf-compfest.com', port=443): Max retries exceeded with url: /api/v2/submit (Caused by NewConnectionError('<urllib3.connection.HTTPSConnection object at 0x734a7ef0d130>: Failed to establish a new connection: [Errno 113] No route to host'))
2025-10-01 23:13:09,599 - INFO - -> - ⏳ COMPFEST17{27}: QUEUED HTTPSConnectionPool(host='api.ctf-compfest.com', port=443): Max retries exceeded with url: /api/v2/submit (Caused by NewConnectionError('<urllib3.connection.HTTPSConnection object at 0x734a7ef0d130>: Failed to establish a new connection: [Errno 113] No route to host'))
2025-10-01 23:13:09,599 - INFO - -> - ⏳ COMPFEST17{15}: QUEUED HTTPSConnectionPool(host='api.ctf-compfest.com', port=443): Max retries exceeded with url: /api/v2/submit (Caused by NewConnectionError('<urllib3.connection.HTTPSConnection object at 0x734a7ef0d130>: Failed to establish a new connection: [Errno 113] No route to host'))
2025-10-01 23:13:09,600 - INFO - -> - ⏳ COMPFEST17{17}: QUEUED HTTPSConnectionPool(host='api.ctf-compfest.com', port=443): Max retries exceeded with url: /api/v2/submit (Caused by NewConnectionError('<urllib3.connection.HTTPSConnection object at 0x734a7ef0d130>: Failed to establish a new connection: [Errno 113] No route to host'))
2025-10-01 23:13:09,600 - INFO - -> - ⏳ COMPFEST17{07}: QUEUED HTTPSConnectionPool(host='api.ctf-compfest.com', port=443): Max retries exceeded with url: /api/v2/submit (Caused by NewConnectionError('<urllib3.connection.HTTPSConnection object at 0x734a7ef0d130>: Failed to establish a new connection: [Errno 113] No route to host'))
2025-10-01 23:13:09,600 - INFO - -> - ⏳ COMPFEST17{05}: QUEUED HTTPSConnectionPool(host='api.ctf-compfest.com', port=443): Max retries exceeded with url: /api/v2/submit (Caused by NewConnectionError('<urllib3.connection.HTTPSConnection object at 0x734a7ef0d130>: Failed to establish a new connection: [Errno 113] No route to host'))
2025-10-01 23:13:09,600 - INFO - -> - ⏳ COMPFEST17{29}: QUEUED HTTPSConnectionPool(host='api.ctf-compfest.com', port=443): Max retries exceeded with url: /api/v2/submit (Caused by NewConnectionError('<urllib3.connection.HTTPSConnection object at 0x734a7ef0d130>: Failed to establish a new connection: [Errno 113] No route to host'))
2025-10-01 23:13:09,600 - INFO - -> - ⏳ COMPFEST17{23}: QUEUED HTTPSConnectionPool(host='api.ctf-compfest.com', port=443): Max retries exceeded with url: /api/v2/submit (Caused by NewConnectionError('<urllib3.connection.HTTPSConnection object at 0x734a7ef0d130>: Failed to establish a new connection: [Errno 113] No route to host'))
2025-10-01 23:13:09,600 - INFO - -> - ⏳ COMPFEST17{09}: QUEUED HTTPSConnectionPool(host='api.ctf-compfest.com', port=443): Max retries exceeded with url: /api/v2/submit (Caused by NewConnectionError('<urllib3.connection.HTTPSConnection object at 0x734a7ef0d130>: Failed to establish a new connection: [Errno 113] No route to host'))
2025-10-01 23:13:09,600 - INFO - -> - ⏳ COMPFEST17{03}: QUEUED HTTPSConnectionPool(host='api.ctf-compfest.com', port=443): Max retries exceeded with url: /api/v2/submit (Caused by NewConnectionError('<urllib3.connection.HTTPSConnection object at 0x734a7ef0d130>: Failed to establish a new connection: [Errno 113] No route to host'))
2025-10-01 23:13:09,600 - INFO - -> - ⏳ COMPFEST17{11}: QUEUED HTTPSConnectionPool(host='api.ctf-compfest.com', port=443): Max retries exceeded with url: /api/v2/submit (Caused by NewConnectionError('<urllib3.connection.HTTPSConnection object at 0x734a7ef0d130>: Failed to establish a new connection: [Errno 113] No route to host'))
2025-10-01 23:13:09,600 - INFO - -> - ⏳ COMPFEST17{21}: QUEUED HTTPSConnectionPool(host='api.ctf-compfest.com', port=443): Max retries exceeded with url: /api/v2/submit (Caused by NewConnectionError('<urllib3.connection.HTTPSConnection object at 0x734a7ef0d130>: Failed to establish a new connection: [Errno 113] No route to host'))
2025-10-01 23:13:09,600 - INFO - -> - ⏳ COMPFEST17{19}: QUEUED HTTPSConnectionPool(host='api.ctf-compfest.com', port=443): Max retries exceeded with url: /api/v2/submit (Caused by NewConnectionError('<urllib3.connection.HTTPSConnection object at 0x734a7ef0d130>: Failed to establish a new connection: [Errno 113] No route to host'))
2025-10-01 23:13:09,600 - INFO - -> - ⏳ COMPFEST17{13}: QUEUED HTTPSConnectionPool(host='api.ctf-compfest.com', port=443): Max retries exceeded with url: /api/v2/submit (Caused by NewConnectionError('<urllib3.connection.HTTPSConnection object at 0x734a7ef0d130>: Failed to establish a new connection: [Errno 113] No route to host'))
2025-10-01 23:13:09,600 - INFO - -> - ⏳ COMPFEST17{25}: QUEUED HTTPSConnectionPool(host='api.ctf-compfest.com', port=443): Max retries exceeded with url: /api/v2/submit (Caused by NewConnectionError('<urllib3.connection.HTTPSConnection object at 0x734a7ef0d130>: Failed to establish a new connection: [Errno 113] No route to host'))
2025-10-01 23:13:09,600 - INFO - -> - Submission Summary: accepted=0 rejected=0 queued=15
2025-10-01 23:13:09,600 - INFO - -> - Cycle finished; sleeping 26s
2025-10-01 23:13:13,206 - INFO - -> - Starting enhanced runner: per-solver threads ALWAYS on. Per-solver concurrent attacks=True
2025-10-01 23:13:13,244 - INFO - -> - Initialized SQLite DB for flags
2025-10-01 23:13:13,256 - INFO - -> - Starting full-run cycle: signaling all solver threads to run
2025-10-01 23:13:13,263 - INFO - -> - Solver thread started for test.py
2025-10-01 23:13:13,263 - INFO - -> - Signaled 1 solver threads this cycle
2025-10-01 23:13:13,265 - INFO - -> - Watcher started, initial solvers=1
2025-10-01 23:13:13,267 - DEBUG - -> - Skipping already in-progress test.py -> Team #7-13
2025-10-01 23:13:13,267 - DEBUG - -> - Skipping already in-progress test.py -> Team #5-09
2025-10-01 23:13:13,267 - DEBUG - -> - Skipping already in-progress test.py -> Team #11-21
2025-10-01 23:13:13,268 - DEBUG - -> - Skipping already in-progress test.py -> Team #6-11
2025-10-01 23:13:13,268 - DEBUG - -> - Skipping already in-progress test.py -> Team #8-15
2025-10-01 23:13:13,268 - DEBUG - -> - Skipping already in-progress test.py -> Team #1-01
2025-10-01 23:13:13,268 - DEBUG - -> - Skipping already in-progress test.py -> Team #4-07
2025-10-01 23:13:13,268 - DEBUG - -> - Skipping already in-progress test.py -> Team #9-17
2025-10-01 23:13:13,268 - DEBUG - -> - Skipping already in-progress test.py -> Team #12-23
2025-10-01 23:13:13,268 - DEBUG - -> - Skipping already in-progress test.py -> Team #14-27
2025-10-01 23:13:13,268 - DEBUG - -> - Skipping already in-progress test.py -> Team #10-19
2025-10-01 23:13:13,268 - DEBUG - -> - Skipping already in-progress test.py -> Team #2-03
2025-10-01 23:13:13,268 - DEBUG - -> - Skipping already in-progress test.py -> Team #15-29
2025-10-01 23:13:13,268 - DEBUG - -> - Skipping already in-progress test.py -> Team #3-05
2025-10-01 23:13:13,268 - DEBUG - -> - Skipping already in-progress test.py -> Team #13-25
2025-10-01 23:13:13,306 - INFO - -> - 🏁 [test -> Team #1-01] Found 1 flag(s)
2025-10-01 23:13:13,306 - INFO - -> - 🏁 [test -> Team #7-13] Found 1 flag(s)
2025-10-01 23:13:13,307 - DEBUG - -> - Skipping duplicate pending flag: COMPFEST17{01}
2025-10-01 23:13:13,307 - DEBUG - -> - Skipping duplicate pending flag: COMPFEST17{13}
2025-10-01 23:13:13,323 - INFO - -> - 🏁 [test -> Team #15-29] Found 1 flag(s)
2025-10-01 23:13:13,323 - DEBUG - -> - Skipping duplicate pending flag: COMPFEST17{29}
2025-10-01 23:13:13,324 - INFO - -> - 🏁 [test -> Team #9-17] Found 1 flag(s)
2025-10-01 23:13:13,324 - DEBUG - -> - Skipping duplicate pending flag: COMPFEST17{17}
2025-10-01 23:13:13,340 - INFO - -> - 🏁 [test -> Team #6-11] Found 1 flag(s)
2025-10-01 23:13:13,340 - INFO - -> - 🏁 [test -> Team #5-09] Found 1 flag(s)
2025-10-01 23:13:13,340 - DEBUG - -> - Skipping duplicate pending flag: COMPFEST17{11}
2025-10-01 23:13:13,340 - DEBUG - -> - Skipping duplicate pending flag: COMPFEST17{09}
2025-10-01 23:13:13,356 - INFO - -> - 🏁 [test -> Team #4-07] Found 1 flag(s)
2025-10-01 23:13:13,356 - DEBUG - -> - Skipping duplicate pending flag: COMPFEST17{07}
2025-10-01 23:13:13,357 - INFO - -> - 🏁 [test -> Team #2-03] Found 1 flag(s)
2025-10-01 23:13:13,357 - DEBUG - -> - Skipping duplicate pending flag: COMPFEST17{03}
2025-10-01 23:13:13,372 - INFO - -> - 🏁 [test -> Team #12-23] Found 1 flag(s)
2025-10-01 23:13:13,372 - DEBUG - -> - Skipping duplicate pending flag: COMPFEST17{23}
2025-10-01 23:13:13,372 - INFO - -> - 🏁 [test -> Team #10-19] Found 1 flag(s)
2025-10-01 23:13:13,373 - DEBUG - -> - Skipping duplicate pending flag: COMPFEST17{19}
2025-10-01 23:13:13,387 - INFO - -> - 🏁 [test -> Team #3-05] Found 1 flag(s)
2025-10-01 23:13:13,387 - DEBUG - -> - Skipping duplicate pending flag: COMPFEST17{05}
2025-10-01 23:13:13,388 - INFO - -> - 🏁 [test -> Team #8-15] Found 1 flag(s)
2025-10-01 23:13:13,388 - DEBUG - -> - Skipping duplicate pending flag: COMPFEST17{15}
2025-10-01 23:13:13,402 - INFO - -> - 🏁 [test -> Team #13-25] Found 1 flag(s)
2025-10-01 23:13:13,402 - DEBUG - -> - Skipping duplicate pending flag: COMPFEST17{25}
2025-10-01 23:13:13,403 - INFO - -> - 🏁 [test -> Team #11-21] Found 1 flag(s)
2025-10-01 23:13:13,403 - DEBUG - -> - Skipping duplicate pending flag: COMPFEST17{21}
2025-10-01 23:13:13,417 - INFO - -> - 🏁 [test -> Team #14-27] Found 1 flag(s)
2025-10-01 23:13:13,418 - DEBUG - -> - Skipping duplicate pending flag: COMPFEST17{27}
2025-10-01 23:13:13,765 - INFO - -> - 📤 Candidates for submission (15)
2025-10-01 23:13:13,765 - INFO - -> - 📤 Selected to submit (15)
2025-10-01 23:13:16,831 - INFO - -> - ⏳ COMPFEST17{23}: QUEUED HTTPSConnectionPool(host='api.ctf-compfest.com', port=443): Max retries exceeded with url: /api/v2/submit (Caused by NewConnectionError('<urllib3.connection.HTTPSConnection object at 0x7a656811b4a0>: Failed to establish a new connection: [Errno 113] No route to host'))
2025-10-01 23:13:16,831 - INFO - -> - ⏳ COMPFEST17{25}: QUEUED HTTPSConnectionPool(host='api.ctf-compfest.com', port=443): Max retries exceeded with url: /api/v2/submit (Caused by NewConnectionError('<urllib3.connection.HTTPSConnection object at 0x7a656811b4a0>: Failed to establish a new connection: [Errno 113] No route to host'))
2025-10-01 23:13:16,831 - INFO - -> - ⏳ COMPFEST17{05}: QUEUED HTTPSConnectionPool(host='api.ctf-compfest.com', port=443): Max retries exceeded with url: /api/v2/submit (Caused by NewConnectionError('<urllib3.connection.HTTPSConnection object at 0x7a656811b4a0>: Failed to establish a new connection: [Errno 113] No route to host'))
2025-10-01 23:13:16,831 - INFO - -> - ⏳ COMPFEST17{17}: QUEUED HTTPSConnectionPool(host='api.ctf-compfest.com', port=443): Max retries exceeded with url: /api/v2/submit (Caused by NewConnectionError('<urllib3.connection.HTTPSConnection object at 0x7a656811b4a0>: Failed to establish a new connection: [Errno 113] No route to host'))
2025-10-01 23:13:16,831 - INFO - -> - ⏳ COMPFEST17{09}: QUEUED HTTPSConnectionPool(host='api.ctf-compfest.com', port=443): Max retries exceeded with url: /api/v2/submit (Caused by NewConnectionError('<urllib3.connection.HTTPSConnection object at 0x7a656811b4a0>: Failed to establish a new connection: [Errno 113] No route to host'))
2025-10-01 23:13:16,831 - INFO - -> - ⏳ COMPFEST17{01}: QUEUED HTTPSConnectionPool(host='api.ctf-compfest.com', port=443): Max retries exceeded with url: /api/v2/submit (Caused by NewConnectionError('<urllib3.connection.HTTPSConnection object at 0x7a656811b4a0>: Failed to establish a new connection: [Errno 113] No route to host'))
2025-10-01 23:13:16,831 - INFO - -> - ⏳ COMPFEST17{19}: QUEUED HTTPSConnectionPool(host='api.ctf-compfest.com', port=443): Max retries exceeded with url: /api/v2/submit (Caused by NewConnectionError('<urllib3.connection.HTTPSConnection object at 0x7a656811b4a0>: Failed to establish a new connection: [Errno 113] No route to host'))
2025-10-01 23:13:16,831 - INFO - -> - ⏳ COMPFEST17{27}: QUEUED HTTPSConnectionPool(host='api.ctf-compfest.com', port=443): Max retries exceeded with url: /api/v2/submit (Caused by NewConnectionError('<urllib3.connection.HTTPSConnection object at 0x7a656811b4a0>: Failed to establish a new connection: [Errno 113] No route to host'))
2025-10-01 23:13:16,831 - INFO - -> - ⏳ COMPFEST17{03}: QUEUED HTTPSConnectionPool(host='api.ctf-compfest.com', port=443): Max retries exceeded with url: /api/v2/submit (Caused by NewConnectionError('<urllib3.connection.HTTPSConnection object at 0x7a656811b4a0>: Failed to establish a new connection: [Errno 113] No route to host'))
2025-10-01 23:13:16,831 - INFO - -> - ⏳ COMPFEST17{21}: QUEUED HTTPSConnectionPool(host='api.ctf-compfest.com', port=443): Max retries exceeded with url: /api/v2/submit (Caused by NewConnectionError('<urllib3.connection.HTTPSConnection object at 0x7a656811b4a0>: Failed to establish a new connection: [Errno 113] No route to host'))
2025-10-01 23:13:16,832 - INFO - -> - ⏳ COMPFEST17{13}: QUEUED HTTPSConnectionPool(host='api.ctf-compfest.com', port=443): Max retries exceeded with url: /api/v2/submit (Caused by NewConnectionError('<urllib3.connection.HTTPSConnection object at 0x7a656811b4a0>: Failed to establish a new connection: [Errno 113] No route to host'))
2025-10-01 23:13:16,832 - INFO - -> - ⏳ COMPFEST17{29}: QUEUED HTTPSConnectionPool(host='api.ctf-compfest.com', port=443): Max retries exceeded with url: /api/v2/submit (Caused by NewConnectionError('<urllib3.connection.HTTPSConnection object at 0x7a656811b4a0>: Failed to establish a new connection: [Errno 113] No route to host'))
2025-10-01 23:13:16,832 - INFO - -> - ⏳ COMPFEST17{15}: QUEUED HTTPSConnectionPool(host='api.ctf-compfest.com', port=443): Max retries exceeded with url: /api/v2/submit (Caused by NewConnectionError('<urllib3.connection.HTTPSConnection object at 0x7a656811b4a0>: Failed to establish a new connection: [Errno 113] No route to host'))
2025-10-01 23:13:16,832 - INFO - -> - ⏳ COMPFEST17{07}: QUEUED HTTPSConnectionPool(host='api.ctf-compfest.com', port=443): Max retries exceeded with url: /api/v2/submit (Caused by NewConnectionError('<urllib3.connection.HTTPSConnection object at 0x7a656811b4a0>: Failed to establish a new connection: [Errno 113] No route to host'))
2025-10-01 23:13:16,832 - INFO - -> - ⏳ COMPFEST17{11}: QUEUED HTTPSConnectionPool(host='api.ctf-compfest.com', port=443): Max retries exceeded with url: /api/v2/submit (Caused by NewConnectionError('<urllib3.connection.HTTPSConnection object at 0x7a656811b4a0>: Failed to establish a new connection: [Errno 113] No route to host'))
2025-10-01 23:13:16,832 - INFO - -> - Submission Summary: accepted=0 rejected=0 queued=15
2025-10-01 23:13:16,832 - INFO - -> - Cycle finished; sleeping 26s
2025-10-01 23:13:20,141 - INFO - -> - Starting enhanced runner: per-solver threads ALWAYS on. Per-solver concurrent attacks=True
2025-10-01 23:13:20,177 - INFO - -> - Initialized SQLite DB for flags
2025-10-01 23:13:20,198 - INFO - -> - Starting full-run cycle: signaling all solver threads to run
2025-10-01 23:13:20,201 - INFO - -> - Solver thread started for test.py
2025-10-01 23:13:20,202 - INFO - -> - Signaled 1 solver threads this cycle
2025-10-01 23:13:20,202 - INFO - -> - Watcher started, initial solvers=1
2025-10-01 23:13:20,203 - DEBUG - -> - Skipping already in-progress test.py -> Team #1-01
2025-10-01 23:13:20,203 - DEBUG - -> - Skipping already in-progress test.py -> Team #13-25
2025-10-01 23:13:20,204 - DEBUG - -> - Skipping already in-progress test.py -> Team #15-29
2025-10-01 23:13:20,204 - DEBUG - -> - Skipping already in-progress test.py -> Team #5-09
2025-10-01 23:13:20,204 - DEBUG - -> - Skipping already in-progress test.py -> Team #11-21
2025-10-01 23:13:20,204 - DEBUG - -> - Skipping already in-progress test.py -> Team #7-13
2025-10-01 23:13:20,205 - DEBUG - -> - Skipping already in-progress test.py -> Team #12-23
2025-10-01 23:13:20,205 - DEBUG - -> - Skipping already in-progress test.py -> Team #8-15
2025-10-01 23:13:20,205 - DEBUG - -> - Skipping already in-progress test.py -> Team #4-07
2025-10-01 23:13:20,205 - DEBUG - -> - Skipping already in-progress test.py -> Team #3-05
2025-10-01 23:13:20,205 - DEBUG - -> - Skipping already in-progress test.py -> Team #6-11
2025-10-01 23:13:20,205 - DEBUG - -> - Skipping already in-progress test.py -> Team #2-03
2025-10-01 23:13:20,205 - DEBUG - -> - Skipping already in-progress test.py -> Team #9-17
2025-10-01 23:13:20,205 - DEBUG - -> - Skipping already in-progress test.py -> Team #10-19
2025-10-01 23:13:20,205 - DEBUG - -> - Skipping already in-progress test.py -> Team #14-27
2025-10-01 23:13:20,236 - INFO - -> - 🏁 [test -> Team #8-15] Found 1 flag(s)
2025-10-01 23:13:20,250 - INFO - -> - 🏁 [test -> Team #13-25] Found 1 flag(s)
2025-10-01 23:13:20,253 - DEBUG - -> - Skipping duplicate pending flag: COMPFEST17{15}
2025-10-01 23:13:20,254 - DEBUG - -> - Skipping duplicate pending flag: COMPFEST17{25}
2025-10-01 23:13:20,269 - INFO - -> - 🏁 [test -> Team #2-03] Found 1 flag(s)
2025-10-01 23:13:20,269 - INFO - -> - 🏁 [test -> Team #9-17] Found 1 flag(s)
2025-10-01 23:13:20,270 - DEBUG - -> - Skipping duplicate pending flag: COMPFEST17{03}
2025-10-01 23:13:20,270 - DEBUG - -> - Skipping duplicate pending flag: COMPFEST17{17}
2025-10-01 23:13:20,289 - INFO - -> - 🏁 [test -> Team #15-29] Found 1 flag(s)
2025-10-01 23:13:20,289 - DEBUG - -> - Skipping duplicate pending flag: COMPFEST17{29}
2025-10-01 23:13:20,289 - INFO - -> - 🏁 [test -> Team #5-09] Found 1 flag(s)
2025-10-01 23:13:20,290 - DEBUG - -> - Skipping duplicate pending flag: COMPFEST17{09}
2025-10-01 23:13:20,304 - INFO - -> - 🏁 [test -> Team #7-13] Found 1 flag(s)
2025-10-01 23:13:20,304 - DEBUG - -> - Skipping duplicate pending flag: COMPFEST17{13}
2025-10-01 23:13:20,304 - INFO - -> - 🏁 [test -> Team #1-01] Found 1 flag(s)
2025-10-01 23:13:20,305 - DEBUG - -> - Skipping duplicate pending flag: COMPFEST17{01}
2025-10-01 23:13:20,320 - INFO - -> - 🏁 [test -> Team #10-19] Found 1 flag(s)
2025-10-01 23:13:20,320 - DEBUG - -> - Skipping duplicate pending flag: COMPFEST17{19}
2025-10-01 23:13:20,321 - INFO - -> - 🏁 [test -> Team #11-21] Found 1 flag(s)
2025-10-01 23:13:20,321 - DEBUG - -> - Skipping duplicate pending flag: COMPFEST17{21}
2025-10-01 23:13:20,336 - INFO - -> - 🏁 [test -> Team #3-05] Found 1 flag(s)
2025-10-01 23:13:20,336 - DEBUG - -> - Skipping duplicate pending flag: COMPFEST17{05}
2025-10-01 23:13:20,336 - INFO - -> - 🏁 [test -> Team #12-23] Found 1 flag(s)
2025-10-01 23:13:20,337 - DEBUG - -> - Skipping duplicate pending flag: COMPFEST17{23}
2025-10-01 23:13:20,355 - INFO - -> - 🏁 [test -> Team #4-07] Found 1 flag(s)
2025-10-01 23:13:20,355 - DEBUG - -> - Skipping duplicate pending flag: COMPFEST17{07}
2025-10-01 23:13:20,356 - INFO - -> - 🏁 [test -> Team #6-11] Found 1 flag(s)
2025-10-01 23:13:20,356 - DEBUG - -> - Skipping duplicate pending flag: COMPFEST17{11}
2025-10-01 23:13:20,372 - INFO - -> - 🏁 [test -> Team #14-27] Found 1 flag(s)
2025-10-01 23:13:20,372 - DEBUG - -> - Skipping duplicate pending flag: COMPFEST17{27}
2025-10-01 23:13:20,702 - INFO - -> - 📤 Candidates for submission (15)
2025-10-01 23:13:20,703 - INFO - -> - 📤 Selected to submit (15)
2025-10-01 23:13:29,163 - INFO - -> - Starting enhanced runner: per-solver threads ALWAYS on. Per-solver concurrent attacks=True
2025-10-01 23:13:29,202 - INFO - -> - Initialized SQLite DB for flags
2025-10-01 23:13:29,213 - INFO - -> - Starting full-run cycle: signaling all solver threads to run
2025-10-01 23:13:29,217 - INFO - -> - Solver thread started for test.py
2025-10-01 23:13:29,217 - INFO - -> - Signaled 1 solver threads this cycle
2025-10-01 23:13:29,218 - INFO - -> - Watcher started, initial solvers=1
2025-10-01 23:13:29,220 - DEBUG - -> - Skipping already in-progress test.py -> Team #11-21
2025-10-01 23:13:29,220 - DEBUG - -> - Skipping already in-progress test.py -> Team #6-11
2025-10-01 23:13:29,220 - DEBUG - -> - Skipping already in-progress test.py -> Team #1-01
2025-10-01 23:13:29,220 - DEBUG - -> - Skipping already in-progress test.py -> Team #14-27
2025-10-01 23:13:29,221 - DEBUG - -> - Skipping already in-progress test.py -> Team #9-17
2025-10-01 23:13:29,221 - DEBUG - -> - Skipping already in-progress test.py -> Team #10-19
2025-10-01 23:13:29,221 - DEBUG - -> - Skipping already in-progress test.py -> Team #7-13
2025-10-01 23:13:29,221 - DEBUG - -> - Skipping already in-progress test.py -> Team #13-25
2025-10-01 23:13:29,221 - DEBUG - -> - Skipping already in-progress test.py -> Team #2-03
2025-10-01 23:13:29,221 - DEBUG - -> - Skipping already in-progress test.py -> Team #3-05
2025-10-01 23:13:29,221 - DEBUG - -> - Skipping already in-progress test.py -> Team #8-15
2025-10-01 23:13:29,221 - DEBUG - -> - Skipping already in-progress test.py -> Team #15-29
2025-10-01 23:13:29,221 - DEBUG - -> - Skipping already in-progress test.py -> Team #12-23
2025-10-01 23:13:29,221 - DEBUG - -> - Skipping already in-progress test.py -> Team #4-07
2025-10-01 23:13:29,221 - DEBUG - -> - Skipping already in-progress test.py -> Team #5-09
2025-10-01 23:13:29,258 - INFO - -> - 🏁 [test -> Team #5-09] Found 1 flag(s)
2025-10-01 23:13:29,259 - INFO - -> - 🏁 [test -> Team #13-25] Found 1 flag(s)
2025-10-01 23:13:29,259 - DEBUG - -> - Skipping duplicate pending flag: COMPFEST17{09}
2025-10-01 23:13:29,259 - DEBUG - -> - Skipping duplicate pending flag: COMPFEST17{25}
2025-10-01 23:13:29,275 - INFO - -> - 🏁 [test -> Team #11-21] Found 1 flag(s)
2025-10-01 23:13:29,275 - DEBUG - -> - Skipping duplicate pending flag: COMPFEST17{21}
2025-10-01 23:13:29,275 - INFO - -> - 🏁 [test -> Team #15-29] Found 1 flag(s)
2025-10-01 23:13:29,276 - DEBUG - -> - Skipping duplicate pending flag: COMPFEST17{29}
2025-10-01 23:13:29,292 - INFO - -> - 🏁 [test -> Team #6-11] Found 1 flag(s)
2025-10-01 23:13:29,292 - DEBUG - -> - Skipping duplicate pending flag: COMPFEST17{11}
2025-10-01 23:13:29,293 - INFO - -> - 🏁 [test -> Team #12-23] Found 1 flag(s)
2025-10-01 23:13:29,294 - DEBUG - -> - Skipping duplicate pending flag: COMPFEST17{23}
2025-10-01 23:13:29,307 - INFO - -> - 🏁 [test -> Team #8-15] Found 1 flag(s)
2025-10-01 23:13:29,307 - DEBUG - -> - Skipping duplicate pending flag: COMPFEST17{15}
2025-10-01 23:13:29,309 - INFO - -> - 🏁 [test -> Team #4-07] Found 1 flag(s)
2025-10-01 23:13:29,309 - DEBUG - -> - Skipping duplicate pending flag: COMPFEST17{07}
2025-10-01 23:13:29,323 - INFO - -> - 🏁 [test -> Team #2-03] Found 1 flag(s)
2025-10-01 23:13:29,323 - DEBUG - -> - Skipping duplicate pending flag: COMPFEST17{03}
2025-10-01 23:13:29,324 - INFO - -> - 🏁 [test -> Team #1-01] Found 1 flag(s)
2025-10-01 23:13:29,325 - DEBUG - -> - Skipping duplicate pending flag: COMPFEST17{01}
2025-10-01 23:13:29,338 - INFO - -> - 🏁 [test -> Team #14-27] Found 1 flag(s)
2025-10-01 23:13:29,339 - DEBUG - -> - Skipping duplicate pending flag: COMPFEST17{27}
2025-10-01 23:13:29,340 - INFO - -> - 🏁 [test -> Team #7-13] Found 1 flag(s)
2025-10-01 23:13:29,340 - DEBUG - -> - Skipping duplicate pending flag: COMPFEST17{13}
2025-10-01 23:13:29,354 - INFO - -> - 🏁 [test -> Team #10-19] Found 1 flag(s)
2025-10-01 23:13:29,354 - DEBUG - -> - Skipping duplicate pending flag: COMPFEST17{19}
2025-10-01 23:13:29,355 - INFO - -> - 🏁 [test -> Team #9-17] Found 1 flag(s)
2025-10-01 23:13:29,355 - DEBUG - -> - Skipping duplicate pending flag: COMPFEST17{17}
2025-10-01 23:13:29,369 - INFO - -> - 🏁 [test -> Team #3-05] Found 1 flag(s)
2025-10-01 23:13:29,369 - DEBUG - -> - Skipping duplicate pending flag: COMPFEST17{05}
2025-10-01 23:13:29,718 - INFO - -> - 📤 Candidates for submission (15)
2025-10-01 23:13:29,719 - INFO - -> - 📤 Selected to submit (15)
2025-10-01 23:13:34,964 - INFO - -> - Starting enhanced runner: per-solver threads ALWAYS on. Per-solver concurrent attacks=True
2025-10-01 23:13:34,998 - INFO - -> - Initialized SQLite DB for flags
2025-10-01 23:13:35,014 - INFO - -> - Starting full-run cycle: signaling all solver threads to run
2025-10-01 23:13:35,022 - INFO - -> - Solver thread started for test.py
2025-10-01 23:13:35,022 - INFO - -> - Signaled 1 solver threads this cycle
2025-10-01 23:13:35,022 - INFO - -> - Watcher started, initial solvers=1
2025-10-01 23:13:35,025 - DEBUG - -> - Skipping already in-progress test.py -> Team #13-25
2025-10-01 23:13:35,025 - DEBUG - -> - Skipping already in-progress test.py -> Team #10-19
2025-10-01 23:13:35,026 - DEBUG - -> - Skipping already in-progress test.py -> Team #2-03
2025-10-01 23:13:35,026 - DEBUG - -> - Skipping already in-progress test.py -> Team #3-05
2025-10-01 23:13:35,026 - DEBUG - -> - Skipping already in-progress test.py -> Team #1-01
2025-10-01 23:13:35,026 - DEBUG - -> - Skipping already in-progress test.py -> Team #8-15
2025-10-01 23:13:35,026 - DEBUG - -> - Skipping already in-progress test.py -> Team #6-11
2025-10-01 23:13:35,026 - DEBUG - -> - Skipping already in-progress test.py -> Team #9-17
2025-10-01 23:13:35,026 - DEBUG - -> - Skipping already in-progress test.py -> Team #5-09
2025-10-01 23:13:35,026 - DEBUG - -> - Skipping already in-progress test.py -> Team #15-29
2025-10-01 23:13:35,026 - DEBUG - -> - Skipping already in-progress test.py -> Team #4-07
2025-10-01 23:13:35,026 - DEBUG - -> - Skipping already in-progress test.py -> Team #12-23
2025-10-01 23:13:35,026 - DEBUG - -> - Skipping already in-progress test.py -> Team #14-27
2025-10-01 23:13:35,026 - DEBUG - -> - Skipping already in-progress test.py -> Team #7-13
2025-10-01 23:13:35,026 - DEBUG - -> - Skipping already in-progress test.py -> Team #11-21
2025-10-01 23:13:35,059 - INFO - -> - 🏁 [test -> Team #14-27] Found 1 flag(s)
2025-10-01 23:13:35,061 - INFO - -> - 🏁 [test -> Team #8-15] Found 1 flag(s)
2025-10-01 23:13:35,061 - DEBUG - -> - Skipping duplicate pending flag: COMPFEST17{27}
2025-10-01 23:13:35,062 - DEBUG - -> - Skipping duplicate pending flag: COMPFEST17{15}
2025-10-01 23:13:35,078 - INFO - -> - 🏁 [test -> Team #4-07] Found 1 flag(s)
2025-10-01 23:13:35,078 - DEBUG - -> - Skipping duplicate pending flag: COMPFEST17{07}
2025-10-01 23:13:35,082 - INFO - -> - 🏁 [test -> Team #10-19] Found 1 flag(s)
2025-10-01 23:13:35,082 - DEBUG - -> - Skipping duplicate pending flag: COMPFEST17{19}
2025-10-01 23:13:35,094 - INFO - -> - 🏁 [test -> Team #13-25] Found 1 flag(s)
2025-10-01 23:13:35,094 - DEBUG - -> - Skipping duplicate pending flag: COMPFEST17{25}
2025-10-01 23:13:35,098 - INFO - -> - 🏁 [test -> Team #1-01] Found 1 flag(s)
2025-10-01 23:13:35,098 - DEBUG - -> - Skipping duplicate pending flag: COMPFEST17{01}
2025-10-01 23:13:35,109 - INFO - -> - 🏁 [test -> Team #3-05] Found 1 flag(s)
2025-10-01 23:13:35,110 - DEBUG - -> - Skipping duplicate pending flag: COMPFEST17{05}
2025-10-01 23:13:35,115 - INFO - -> - 🏁 [test -> Team #15-29] Found 1 flag(s)
2025-10-01 23:13:35,115 - DEBUG - -> - Skipping duplicate pending flag: COMPFEST17{29}
2025-10-01 23:13:35,125 - INFO - -> - 🏁 [test -> Team #9-17] Found 1 flag(s)
2025-10-01 23:13:35,125 - DEBUG - -> - Skipping duplicate pending flag: COMPFEST17{17}
2025-10-01 23:13:35,131 - INFO - -> - 🏁 [test -> Team #12-23] Found 1 flag(s)
2025-10-01 23:13:35,131 - DEBUG - -> - Skipping duplicate pending flag: COMPFEST17{23}
2025-10-01 23:13:35,141 - INFO - -> - 🏁 [test -> Team #5-09] Found 1 flag(s)
2025-10-01 23:13:35,141 - DEBUG - -> - Skipping duplicate pending flag: COMPFEST17{09}
2025-10-01 23:13:35,147 - INFO - -> - 🏁 [test -> Team #11-21] Found 1 flag(s)
2025-10-01 23:13:35,147 - DEBUG - -> - Skipping duplicate pending flag: COMPFEST17{21}
2025-10-01 23:13:35,160 - INFO - -> - 🏁 [test -> Team #7-13] Found 1 flag(s)
2025-10-01 23:13:35,160 - DEBUG - -> - Skipping duplicate pending flag: COMPFEST17{13}
2025-10-01 23:13:35,166 - INFO - -> - 🏁 [test -> Team #6-11] Found 1 flag(s)
2025-10-01 23:13:35,166 - DEBUG - -> - Skipping duplicate pending flag: COMPFEST17{11}
2025-10-01 23:13:35,176 - INFO - -> - 🏁 [test -> Team #2-03] Found 1 flag(s)
2025-10-01 23:13:35,176 - DEBUG - -> - Skipping duplicate pending flag: COMPFEST17{03}
2025-10-01 23:13:35,523 - INFO - -> - 📤 Candidates for submission (15)
2025-10-01 23:13:35,523 - INFO - -> - 📤 Selected to submit (15)
2025-10-01 23:13:38,591 - INFO - -> - ⏳ COMPFEST17{25}: QUEUED HTTPSConnectionPool(host='api.ctf-compfest.com', port=443): Max retries exceeded with url: /api/v2/submit (Caused by NewConnectionError('<urllib3.connection.HTTPSConnection object at 0x73d752de0350>: Failed to establish a new connection: [Errno 113] No route to host'))
2025-10-01 23:13:38,592 - INFO - -> - ⏳ COMPFEST17{13}: QUEUED HTTPSConnectionPool(host='api.ctf-compfest.com', port=443): Max retries exceeded with url: /api/v2/submit (Caused by NewConnectionError('<urllib3.connection.HTTPSConnection object at 0x73d752de0350>: Failed to establish a new connection: [Errno 113] No route to host'))
2025-10-01 23:13:38,592 - INFO - -> - ⏳ COMPFEST17{23}: QUEUED HTTPSConnectionPool(host='api.ctf-compfest.com', port=443): Max retries exceeded with url: /api/v2/submit (Caused by NewConnectionError('<urllib3.connection.HTTPSConnection object at 0x73d752de0350>: Failed to establish a new connection: [Errno 113] No route to host'))
2025-10-01 23:13:38,592 - INFO - -> - ⏳ COMPFEST17{27}: QUEUED HTTPSConnectionPool(host='api.ctf-compfest.com', port=443): Max retries exceeded with url: /api/v2/submit (Caused by NewConnectionError('<urllib3.connection.HTTPSConnection object at 0x73d752de0350>: Failed to establish a new connection: [Errno 113] No route to host'))
2025-10-01 23:13:38,592 - INFO - -> - ⏳ COMPFEST17{01}: QUEUED HTTPSConnectionPool(host='api.ctf-compfest.com', port=443): Max retries exceeded with url: /api/v2/submit (Caused by NewConnectionError('<urllib3.connection.HTTPSConnection object at 0x73d752de0350>: Failed to establish a new connection: [Errno 113] No route to host'))
2025-10-01 23:13:38,592 - INFO - -> - ⏳ COMPFEST17{09}: QUEUED HTTPSConnectionPool(host='api.ctf-compfest.com', port=443): Max retries exceeded with url: /api/v2/submit (Caused by NewConnectionError('<urllib3.connection.HTTPSConnection object at 0x73d752de0350>: Failed to establish a new connection: [Errno 113] No route to host'))
2025-10-01 23:13:38,592 - INFO - -> - ⏳ COMPFEST17{29}: QUEUED HTTPSConnectionPool(host='api.ctf-compfest.com', port=443): Max retries exceeded with url: /api/v2/submit (Caused by NewConnectionError('<urllib3.connection.HTTPSConnection object at 0x73d752de0350>: Failed to establish a new connection: [Errno 113] No route to host'))
2025-10-01 23:13:38,592 - INFO - -> - ⏳ COMPFEST17{05}: QUEUED HTTPSConnectionPool(host='api.ctf-compfest.com', port=443): Max retries exceeded with url: /api/v2/submit (Caused by NewConnectionError('<urllib3.connection.HTTPSConnection object at 0x73d752de0350>: Failed to establish a new connection: [Errno 113] No route to host'))
2025-10-01 23:13:38,592 - INFO - -> - ⏳ COMPFEST17{07}: QUEUED HTTPSConnectionPool(host='api.ctf-compfest.com', port=443): Max retries exceeded with url: /api/v2/submit (Caused by NewConnectionError('<urllib3.connection.HTTPSConnection object at 0x73d752de0350>: Failed to establish a new connection: [Errno 113] No route to host'))
2025-10-01 23:13:38,592 - INFO - -> - ⏳ COMPFEST17{03}: QUEUED HTTPSConnectionPool(host='api.ctf-compfest.com', port=443): Max retries exceeded with url: /api/v2/submit (Caused by NewConnectionError('<urllib3.connection.HTTPSConnection object at 0x73d752de0350>: Failed to establish a new connection: [Errno 113] No route to host'))
2025-10-01 23:13:38,592 - INFO - -> - ⏳ COMPFEST17{19}: QUEUED HTTPSConnectionPool(host='api.ctf-compfest.com', port=443): Max retries exceeded with url: /api/v2/submit (Caused by NewConnectionError('<urllib3.connection.HTTPSConnection object at 0x73d752de0350>: Failed to establish a new connection: [Errno 113] No route to host'))
2025-10-01 23:13:38,592 - INFO - -> - ⏳ COMPFEST17{15}: QUEUED HTTPSConnectionPool(host='api.ctf-compfest.com', port=443): Max retries exceeded with url: /api/v2/submit (Caused by NewConnectionError('<urllib3.connection.HTTPSConnection object at 0x73d752de0350>: Failed to establish a new connection: [Errno 113] No route to host'))
2025-10-01 23:13:38,592 - INFO - -> - ⏳ COMPFEST17{17}: QUEUED HTTPSConnectionPool(host='api.ctf-compfest.com', port=443): Max retries exceeded with url: /api/v2/submit (Caused by NewConnectionError('<urllib3.connection.HTTPSConnection object at 0x73d752de0350>: Failed to establish a new connection: [Errno 113] No route to host'))
2025-10-01 23:13:38,592 - INFO - -> - ⏳ COMPFEST17{11}: QUEUED HTTPSConnectionPool(host='api.ctf-compfest.com', port=443): Max retries exceeded with url: /api/v2/submit (Caused by NewConnectionError('<urllib3.connection.HTTPSConnection object at 0x73d752de0350>: Failed to establish a new connection: [Errno 113] No route to host'))
2025-10-01 23:13:38,592 - INFO - -> - ⏳ COMPFEST17{21}: QUEUED HTTPSConnectionPool(host='api.ctf-compfest.com', port=443): Max retries exceeded with url: /api/v2/submit (Caused by NewConnectionError('<urllib3.connection.HTTPSConnection object at 0x73d752de0350>: Failed to establish a new connection: [Errno 113] No route to host'))
2025-10-01 23:13:38,592 - INFO - -> - Submission Summary: accepted=0 rejected=0 queued=15
2025-10-01 23:13:38,592 - INFO - -> - Cycle finished; sleeping 26s
2025-10-01 23:13:52,180 - INFO - -> - Starting enhanced runner: per-solver threads ALWAYS on. Per-solver concurrent attacks=True
2025-10-01 23:13:52,219 - INFO - -> - Initialized SQLite DB for flags
2025-10-01 23:13:52,230 - INFO - -> - Starting full-run cycle: signaling all solver threads to run
2025-10-01 23:13:52,242 - INFO - -> - Solver thread started for test.py
2025-10-01 23:13:52,243 - INFO - -> - Signaled 1 solver threads this cycle
2025-10-01 23:13:52,243 - INFO - -> - Watcher started, initial solvers=1
2025-10-01 23:13:52,245 - DEBUG - -> - Skipping already in-progress test.py -> Team #13-25
2025-10-01 23:13:52,246 - DEBUG - -> - Skipping already in-progress test.py -> Team #10-19
2025-10-01 23:13:52,246 - DEBUG - -> - Skipping already in-progress test.py -> Team #9-17
2025-10-01 23:13:52,246 - DEBUG - -> - Skipping already in-progress test.py -> Team #6-11
2025-10-01 23:13:52,247 - DEBUG - -> - Skipping already in-progress test.py -> Team #3-05
2025-10-01 23:13:52,247 - DEBUG - -> - Skipping already in-progress test.py -> Team #2-03
2025-10-01 23:13:52,247 - DEBUG - -> - Skipping already in-progress test.py -> Team #7-13
2025-10-01 23:13:52,247 - DEBUG - -> - Skipping already in-progress test.py -> Team #14-27
2025-10-01 23:13:52,247 - DEBUG - -> - Skipping already in-progress test.py -> Team #4-07
2025-10-01 23:13:52,247 - DEBUG - -> - Skipping already in-progress test.py -> Team #12-23
2025-10-01 23:13:52,247 - DEBUG - -> - Skipping already in-progress test.py -> Team #1-01
2025-10-01 23:13:52,247 - DEBUG - -> - Skipping already in-progress test.py -> Team #11-21
2025-10-01 23:13:52,247 - DEBUG - -> - Skipping already in-progress test.py -> Team #15-29
2025-10-01 23:13:52,247 - DEBUG - -> - Skipping already in-progress test.py -> Team #5-09
2025-10-01 23:13:52,247 - DEBUG - -> - Skipping already in-progress test.py -> Team #8-15
2025-10-01 23:13:52,269 - INFO - -> - 🏁 [test -> Team #3-05] Found 1 flag(s)
2025-10-01 23:13:52,292 - INFO - -> - 🏁 [test -> Team #2-03] Found 1 flag(s)
2025-10-01 23:13:52,292 - DEBUG - -> - Skipping duplicate pending flag: COMPFEST17{05}
2025-10-01 23:13:52,293 - DEBUG - -> - Skipping duplicate pending flag: COMPFEST17{03}
2025-10-01 23:13:52,309 - INFO - -> - 🏁 [test -> Team #7-13] Found 1 flag(s)
2025-10-01 23:13:52,309 - DEBUG - -> - Skipping duplicate pending flag: COMPFEST17{13}
2025-10-01 23:13:52,311 - INFO - -> - 🏁 [test -> Team #12-23] Found 1 flag(s)
2025-10-01 23:13:52,311 - DEBUG - -> - Skipping duplicate pending flag: COMPFEST17{23}
2025-10-01 23:13:52,326 - INFO - -> - 🏁 [test -> Team #15-29] Found 1 flag(s)
2025-10-01 23:13:52,326 - INFO - -> - 🏁 [test -> Team #4-07] Found 1 flag(s)
2025-10-01 23:13:52,326 - DEBUG - -> - Skipping duplicate pending flag: COMPFEST17{29}
2025-10-01 23:13:52,327 - DEBUG - -> - Skipping duplicate pending flag: COMPFEST17{07}
2025-10-01 23:13:52,342 - INFO - -> - 🏁 [test -> Team #13-25] Found 1 flag(s)
2025-10-01 23:13:52,342 - DEBUG - -> - Skipping duplicate pending flag: COMPFEST17{25}
2025-10-01 23:13:52,343 - INFO - -> - 🏁 [test -> Team #14-27] Found 1 flag(s)
2025-10-01 23:13:52,343 - DEBUG - -> - Skipping duplicate pending flag: COMPFEST17{27}
2025-10-01 23:13:52,358 - INFO - -> - 🏁 [test -> Team #11-21] Found 1 flag(s)
2025-10-01 23:13:52,358 - DEBUG - -> - Skipping duplicate pending flag: COMPFEST17{21}
2025-10-01 23:13:52,363 - INFO - -> - 🏁 [test -> Team #9-17] Found 1 flag(s)
2025-10-01 23:13:52,363 - DEBUG - -> - Skipping duplicate pending flag: COMPFEST17{17}
2025-10-01 23:13:52,373 - INFO - -> - 🏁 [test -> Team #5-09] Found 1 flag(s)
2025-10-01 23:13:52,373 - DEBUG - -> - Skipping duplicate pending flag: COMPFEST17{09}
2025-10-01 23:13:52,380 - INFO - -> - 🏁 [test -> Team #10-19] Found 1 flag(s)
2025-10-01 23:13:52,380 - DEBUG - -> - Skipping duplicate pending flag: COMPFEST17{19}
2025-10-01 23:13:52,388 - INFO - -> - 🏁 [test -> Team #8-15] Found 1 flag(s)
2025-10-01 23:13:52,388 - DEBUG - -> - Skipping duplicate pending flag: COMPFEST17{15}
2025-10-01 23:13:52,396 - INFO - -> - 🏁 [test -> Team #6-11] Found 1 flag(s)
2025-10-01 23:13:52,396 - DEBUG - -> - Skipping duplicate pending flag: COMPFEST17{11}
2025-10-01 23:13:52,404 - INFO - -> - 🏁 [test -> Team #1-01] Found 1 flag(s)
2025-10-01 23:13:52,404 - DEBUG - -> - Skipping duplicate pending flag: COMPFEST17{01}
2025-10-01 23:13:52,744 - INFO - -> - 📤 Candidates for submission (15)
2025-10-01 23:13:52,744 - INFO - -> - 📤 Selected to submit (15)
2025-10-01 23:13:55,807 - INFO - -> - ⏳ COMPFEST17{07}: QUEUED HTTPSConnectionPool(host='api.ctf-compfest.com', port=443): Max retries exceeded with url: /api/v2/submit (Caused by NewConnectionError('<urllib3.connection.HTTPSConnection object at 0x7b72d470e1b0>: Failed to establish a new connection: [Errno 113] No route to host'))
2025-10-01 23:13:55,807 - INFO - -> - ⏳ COMPFEST17{21}: QUEUED HTTPSConnectionPool(host='api.ctf-compfest.com', port=443): Max retries exceeded with url: /api/v2/submit (Caused by NewConnectionError('<urllib3.connection.HTTPSConnection object at 0x7b72d470e1b0>: Failed to establish a new connection: [Errno 113] No route to host'))
2025-10-01 23:13:55,807 - INFO - -> - ⏳ COMPFEST17{25}: QUEUED HTTPSConnectionPool(host='api.ctf-compfest.com', port=443): Max retries exceeded with url: /api/v2/submit (Caused by NewConnectionError('<urllib3.connection.HTTPSConnection object at 0x7b72d470e1b0>: Failed to establish a new connection: [Errno 113] No route to host'))
2025-10-01 23:13:55,807 - INFO - -> - ⏳ COMPFEST17{09}: QUEUED HTTPSConnectionPool(host='api.ctf-compfest.com', port=443): Max retries exceeded with url: /api/v2/submit (Caused by NewConnectionError('<urllib3.connection.HTTPSConnection object at 0x7b72d470e1b0>: Failed to establish a new connection: [Errno 113] No route to host'))
2025-10-01 23:13:55,807 - INFO - -> - ⏳ COMPFEST17{03}: QUEUED HTTPSConnectionPool(host='api.ctf-compfest.com', port=443): Max retries exceeded with url: /api/v2/submit (Caused by NewConnectionError('<urllib3.connection.HTTPSConnection object at 0x7b72d470e1b0>: Failed to establish a new connection: [Errno 113] No route to host'))
2025-10-01 23:13:55,807 - INFO - -> - ⏳ COMPFEST17{23}: QUEUED HTTPSConnectionPool(host='api.ctf-compfest.com', port=443): Max retries exceeded with url: /api/v2/submit (Caused by NewConnectionError('<urllib3.connection.HTTPSConnection object at 0x7b72d470e1b0>: Failed to establish a new connection: [Errno 113] No route to host'))
2025-10-01 23:13:55,807 - INFO - -> - ⏳ COMPFEST17{11}: QUEUED HTTPSConnectionPool(host='api.ctf-compfest.com', port=443): Max retries exceeded with url: /api/v2/submit (Caused by NewConnectionError('<urllib3.connection.HTTPSConnection object at 0x7b72d470e1b0>: Failed to establish a new connection: [Errno 113] No route to host'))
2025-10-01 23:13:55,808 - INFO - -> - ⏳ COMPFEST17{27}: QUEUED HTTPSConnectionPool(host='api.ctf-compfest.com', port=443): Max retries exceeded with url: /api/v2/submit (Caused by NewConnectionError('<urllib3.connection.HTTPSConnection object at 0x7b72d470e1b0>: Failed to establish a new connection: [Errno 113] No route to host'))
2025-10-01 23:13:55,808 - INFO - -> - ⏳ COMPFEST17{17}: QUEUED HTTPSConnectionPool(host='api.ctf-compfest.com', port=443): Max retries exceeded with url: /api/v2/submit (Caused by NewConnectionError('<urllib3.connection.HTTPSConnection object at 0x7b72d470e1b0>: Failed to establish a new connection: [Errno 113] No route to host'))
2025-10-01 23:13:55,808 - INFO - -> - ⏳ COMPFEST17{13}: QUEUED HTTPSConnectionPool(host='api.ctf-compfest.com', port=443): Max retries exceeded with url: /api/v2/submit (Caused by NewConnectionError('<urllib3.connection.HTTPSConnection object at 0x7b72d470e1b0>: Failed to establish a new connection: [Errno 113] No route to host'))
2025-10-01 23:13:55,808 - INFO - -> - ⏳ COMPFEST17{19}: QUEUED HTTPSConnectionPool(host='api.ctf-compfest.com', port=443): Max retries exceeded with url: /api/v2/submit (Caused by NewConnectionError('<urllib3.connection.HTTPSConnection object at 0x7b72d470e1b0>: Failed to establish a new connection: [Errno 113] No route to host'))
2025-10-01 23:13:55,808 - INFO - -> - ⏳ COMPFEST17{15}: QUEUED HTTPSConnectionPool(host='api.ctf-compfest.com', port=443): Max retries exceeded with url: /api/v2/submit (Caused by NewConnectionError('<urllib3.connection.HTTPSConnection object at 0x7b72d470e1b0>: Failed to establish a new connection: [Errno 113] No route to host'))
2025-10-01 23:13:55,808 - INFO - -> - ⏳ COMPFEST17{29}: QUEUED HTTPSConnectionPool(host='api.ctf-compfest.com', port=443): Max retries exceeded with url: /api/v2/submit (Caused by NewConnectionError('<urllib3.connection.HTTPSConnection object at 0x7b72d470e1b0>: Failed to establish a new connection: [Errno 113] No route to host'))
2025-10-01 23:13:55,808 - INFO - -> - ⏳ COMPFEST17{05}: QUEUED HTTPSConnectionPool(host='api.ctf-compfest.com', port=443): Max retries exceeded with url: /api/v2/submit (Caused by NewConnectionError('<urllib3.connection.HTTPSConnection object at 0x7b72d470e1b0>: Failed to establish a new connection: [Errno 113] No route to host'))
2025-10-01 23:13:55,808 - INFO - -> - ⏳ COMPFEST17{01}: QUEUED HTTPSConnectionPool(host='api.ctf-compfest.com', port=443): Max retries exceeded with url: /api/v2/submit (Caused by NewConnectionError('<urllib3.connection.HTTPSConnection object at 0x7b72d470e1b0>: Failed to establish a new connection: [Errno 113] No route to host'))
2025-10-01 23:13:55,808 - INFO - -> - Submission Summary: accepted=0 rejected=0 queued=15
2025-10-01 23:13:55,808 - INFO - -> - Cycle finished; sleeping 26s
2025-10-01 23:14:12,605 - INFO - -> - Starting enhanced runner: per-solver threads ALWAYS on. Per-solver concurrent attacks=True
2025-10-01 23:14:12,649 - INFO - -> - Initialized SQLite DB for flags
2025-10-01 23:14:12,663 - INFO - -> - Starting full-run cycle: signaling all solver threads to run
2025-10-01 23:14:12,665 - INFO - -> - Solver thread started for test.py
2025-10-01 23:14:12,666 - INFO - -> - Signaled 1 solver threads this cycle
2025-10-01 23:14:12,666 - INFO - -> - Watcher started, initial solvers=1
2025-10-01 23:14:12,668 - DEBUG - -> - Skipping already in-progress test.py -> Team #13-25
2025-10-01 23:14:12,669 - DEBUG - -> - Skipping already in-progress test.py -> Team #7-13
2025-10-01 23:14:12,669 - DEBUG - -> - Skipping already in-progress test.py -> Team #12-23
2025-10-01 23:14:12,669 - DEBUG - -> - Skipping already in-progress test.py -> Team #9-17
2025-10-01 23:14:12,670 - DEBUG - -> - Skipping already in-progress test.py -> Team #6-11
2025-10-01 23:14:12,670 - DEBUG - -> - Skipping already in-progress test.py -> Team #11-21
2025-10-01 23:14:12,670 - DEBUG - -> - Skipping already in-progress test.py -> Team #8-15
2025-10-01 23:14:12,670 - DEBUG - -> - Skipping already in-progress test.py -> Team #1-01
2025-10-01 23:14:12,670 - DEBUG - -> - Skipping already in-progress test.py -> Team #3-05
2025-10-01 23:14:12,670 - DEBUG - -> - Skipping already in-progress test.py -> Team #2-03
2025-10-01 23:14:12,670 - DEBUG - -> - Skipping already in-progress test.py -> Team #5-09
2025-10-01 23:14:12,670 - DEBUG - -> - Skipping already in-progress test.py -> Team #15-29
2025-10-01 23:14:12,670 - DEBUG - -> - Skipping already in-progress test.py -> Team #10-19
2025-10-01 23:14:12,670 - DEBUG - -> - Skipping already in-progress test.py -> Team #14-27
2025-10-01 23:14:12,670 - DEBUG - -> - Skipping already in-progress test.py -> Team #4-07
2025-10-01 23:14:12,711 - INFO - -> - 🏁 [test -> Team #10-19] Found 1 flag(s)
2025-10-01 23:14:12,713 - INFO - -> - 🏁 [test -> Team #12-23] Found 1 flag(s)
2025-10-01 23:14:12,713 - DEBUG - -> - Skipping duplicate pending flag: COMPFEST17{19}
2025-10-01 23:14:12,714 - DEBUG - -> - Skipping duplicate pending flag: COMPFEST17{23}
2025-10-01 23:14:12,729 - INFO - -> - 🏁 [test -> Team #2-03] Found 1 flag(s)
2025-10-01 23:14:12,730 - DEBUG - -> - Skipping duplicate pending flag: COMPFEST17{03}
2025-10-01 23:14:12,734 - INFO - -> - 🏁 [test -> Team #7-13] Found 1 flag(s)
2025-10-01 23:14:12,734 - DEBUG - -> - Skipping duplicate pending flag: COMPFEST17{13}
2025-10-01 23:14:12,746 - INFO - -> - 🏁 [test -> Team #13-25] Found 1 flag(s)
2025-10-01 23:14:12,746 - DEBUG - -> - Skipping duplicate pending flag: COMPFEST17{25}
2025-10-01 23:14:12,749 - INFO - -> - 🏁 [test -> Team #6-11] Found 1 flag(s)
2025-10-01 23:14:12,749 - DEBUG - -> - Skipping duplicate pending flag: COMPFEST17{11}
2025-10-01 23:14:12,761 - INFO - -> - 🏁 [test -> Team #4-07] Found 1 flag(s)
2025-10-01 23:14:12,761 - DEBUG - -> - Skipping duplicate pending flag: COMPFEST17{07}
2025-10-01 23:14:12,765 - INFO - -> - 🏁 [test -> Team #9-17] Found 1 flag(s)
2025-10-01 23:14:12,765 - DEBUG - -> - Skipping duplicate pending flag: COMPFEST17{17}
2025-10-01 23:14:12,780 - INFO - -> - 🏁 [test -> Team #15-29] Found 1 flag(s)
2025-10-01 23:14:12,780 - DEBUG - -> - Skipping duplicate pending flag: COMPFEST17{29}
2025-10-01 23:14:12,781 - INFO - -> - 🏁 [test -> Team #1-01] Found 1 flag(s)
2025-10-01 23:14:12,781 - DEBUG - -> - Skipping duplicate pending flag: COMPFEST17{01}
2025-10-01 23:14:12,795 - INFO - -> - 🏁 [test -> Team #14-27] Found 1 flag(s)
2025-10-01 23:14:12,795 - DEBUG - -> - Skipping duplicate pending flag: COMPFEST17{27}
2025-10-01 23:14:12,796 - INFO - -> - 🏁 [test -> Team #8-15] Found 1 flag(s)
2025-10-01 23:14:12,796 - DEBUG - -> - Skipping duplicate pending flag: COMPFEST17{15}
2025-10-01 23:14:12,811 - INFO - -> - 🏁 [test -> Team #3-05] Found 1 flag(s)
2025-10-01 23:14:12,811 - DEBUG - -> - Skipping duplicate pending flag: COMPFEST17{05}
2025-10-01 23:14:12,814 - INFO - -> - 🏁 [test -> Team #11-21] Found 1 flag(s)
2025-10-01 23:14:12,814 - DEBUG - -> - Skipping duplicate pending flag: COMPFEST17{21}
2025-10-01 23:14:12,826 - INFO - -> - 🏁 [test -> Team #5-09] Found 1 flag(s)
2025-10-01 23:14:12,826 - DEBUG - -> - Skipping duplicate pending flag: COMPFEST17{09}
2025-10-01 23:14:13,166 - INFO - -> - 📤 Candidates for submission (15)
2025-10-01 23:14:13,167 - INFO - -> - 📤 Selected to submit (15)
2025-10-01 23:14:16,223 - INFO - -> - ⏳ COMPFEST17{23}: QUEUED HTTPSConnectionPool(host='api.ctf-compfest.com', port=443): Max retries exceeded with url: /api/v2/submit (Caused by NewConnectionError('<urllib3.connection.HTTPSConnection object at 0x7e79a003ca10>: Failed to establish a new connection: [Errno 113] No route to host'))
2025-10-01 23:14:16,223 - INFO - -> - ⏳ COMPFEST17{05}: QUEUED HTTPSConnectionPool(host='api.ctf-compfest.com', port=443): Max retries exceeded with url: /api/v2/submit (Caused by NewConnectionError('<urllib3.connection.HTTPSConnection object at 0x7e79a003ca10>: Failed to establish a new connection: [Errno 113] No route to host'))
2025-10-01 23:14:16,223 - INFO - -> - ⏳ COMPFEST17{09}: QUEUED HTTPSConnectionPool(host='api.ctf-compfest.com', port=443): Max retries exceeded with url: /api/v2/submit (Caused by NewConnectionError('<urllib3.connection.HTTPSConnection object at 0x7e79a003ca10>: Failed to establish a new connection: [Errno 113] No route to host'))
2025-10-01 23:14:16,223 - INFO - -> - ⏳ COMPFEST17{19}: QUEUED HTTPSConnectionPool(host='api.ctf-compfest.com', port=443): Max retries exceeded with url: /api/v2/submit (Caused by NewConnectionError('<urllib3.connection.HTTPSConnection object at 0x7e79a003ca10>: Failed to establish a new connection: [Errno 113] No route to host'))
2025-10-01 23:14:16,223 - INFO - -> - ⏳ COMPFEST17{13}: QUEUED HTTPSConnectionPool(host='api.ctf-compfest.com', port=443): Max retries exceeded with url: /api/v2/submit (Caused by NewConnectionError('<urllib3.connection.HTTPSConnection object at 0x7e79a003ca10>: Failed to establish a new connection: [Errno 113] No route to host'))
2025-10-01 23:14:16,223 - INFO - -> - ⏳ COMPFEST17{17}: QUEUED HTTPSConnectionPool(host='api.ctf-compfest.com', port=443): Max retries exceeded with url: /api/v2/submit (Caused by NewConnectionError('<urllib3.connection.HTTPSConnection object at 0x7e79a003ca10>: Failed to establish a new connection: [Errno 113] No route to host'))
2025-10-01 23:14:16,223 - INFO - -> - ⏳ COMPFEST17{03}: QUEUED HTTPSConnectionPool(host='api.ctf-compfest.com', port=443): Max retries exceeded with url: /api/v2/submit (Caused by NewConnectionError('<urllib3.connection.HTTPSConnection object at 0x7e79a003ca10>: Failed to establish a new connection: [Errno 113] No route to host'))
2025-10-01 23:14:16,223 - INFO - -> - ⏳ COMPFEST17{01}: QUEUED HTTPSConnectionPool(host='api.ctf-compfest.com', port=443): Max retries exceeded with url: /api/v2/submit (Caused by NewConnectionError('<urllib3.connection.HTTPSConnection object at 0x7e79a003ca10>: Failed to establish a new connection: [Errno 113] No route to host'))
2025-10-01 23:14:16,223 - INFO - -> - ⏳ COMPFEST17{11}: QUEUED HTTPSConnectionPool(host='api.ctf-compfest.com', port=443): Max retries exceeded with url: /api/v2/submit (Caused by NewConnectionError('<urllib3.connection.HTTPSConnection object at 0x7e79a003ca10>: Failed to establish a new connection: [Errno 113] No route to host'))
2025-10-01 23:14:16,223 - INFO - -> - ⏳ COMPFEST17{15}: QUEUED HTTPSConnectionPool(host='api.ctf-compfest.com', port=443): Max retries exceeded with url: /api/v2/submit (Caused by NewConnectionError('<urllib3.connection.HTTPSConnection object at 0x7e79a003ca10>: Failed to establish a new connection: [Errno 113] No route to host'))
2025-10-01 23:14:16,223 - INFO - -> - ⏳ COMPFEST17{25}: QUEUED HTTPSConnectionPool(host='api.ctf-compfest.com', port=443): Max retries exceeded with url: /api/v2/submit (Caused by NewConnectionError('<urllib3.connection.HTTPSConnection object at 0x7e79a003ca10>: Failed to establish a new connection: [Errno 113] No route to host'))
2025-10-01 23:14:16,223 - INFO - -> - ⏳ COMPFEST17{27}: QUEUED HTTPSConnectionPool(host='api.ctf-compfest.com', port=443): Max retries exceeded with url: /api/v2/submit (Caused by NewConnectionError('<urllib3.connection.HTTPSConnection object at 0x7e79a003ca10>: Failed to establish a new connection: [Errno 113] No route to host'))
2025-10-01 23:14:16,223 - INFO - -> - ⏳ COMPFEST17{29}: QUEUED HTTPSConnectionPool(host='api.ctf-compfest.com', port=443): Max retries exceeded with url: /api/v2/submit (Caused by NewConnectionError('<urllib3.connection.HTTPSConnection object at 0x7e79a003ca10>: Failed to establish a new connection: [Errno 113] No route to host'))
2025-10-01 23:14:16,223 - INFO - -> - ⏳ COMPFEST17{21}: QUEUED HTTPSConnectionPool(host='api.ctf-compfest.com', port=443): Max retries exceeded with url: /api/v2/submit (Caused by NewConnectionError('<urllib3.connection.HTTPSConnection object at 0x7e79a003ca10>: Failed to establish a new connection: [Errno 113] No route to host'))
2025-10-01 23:14:16,223 - INFO - -> - ⏳ COMPFEST17{07}: QUEUED HTTPSConnectionPool(host='api.ctf-compfest.com', port=443): Max retries exceeded with url: /api/v2/submit (Caused by NewConnectionError('<urllib3.connection.HTTPSConnection object at 0x7e79a003ca10>: Failed to establish a new connection: [Errno 113] No route to host'))
2025-10-01 23:14:16,223 - INFO - -> - Submission Summary: accepted=0 rejected=0 queued=15
2025-10-01 23:14:16,224 - INFO - -> - Cycle finished; sleeping 26s
2025-10-01 23:14:42,664 - INFO - -> - Starting full-run cycle: signaling all solver threads to run
2025-10-01 23:14:42,665 - INFO - -> - Signaled 1 solver threads this cycle
2025-10-01 23:14:42,682 - INFO - -> - 🏁 [test -> Team #1-01] Found 1 flag(s)
2025-10-01 23:14:42,682 - INFO - -> - 🏁 [test -> Team #12-23] Found 1 flag(s)
2025-10-01 23:14:42,682 - DEBUG - -> - Skipping duplicate pending flag: COMPFEST17{01}
2025-10-01 23:14:42,683 - DEBUG - -> - Skipping duplicate pending flag: COMPFEST17{23}
2025-10-01 23:14:42,698 - INFO - -> - 🏁 [test -> Team #9-17] Found 1 flag(s)
2025-10-01 23:14:42,698 - INFO - -> - 🏁 [test -> Team #6-11] Found 1 flag(s)
2025-10-01 23:14:42,698 - DEBUG - -> - Skipping duplicate pending flag: COMPFEST17{17}
2025-10-01 23:14:42,699 - DEBUG - -> - Skipping duplicate pending flag: COMPFEST17{11}
2025-10-01 23:14:42,714 - INFO - -> - 🏁 [test -> Team #4-07] Found 1 flag(s)
2025-10-01 23:14:42,714 - DEBUG - -> - Skipping duplicate pending flag: COMPFEST17{07}
2025-10-01 23:14:42,716 - INFO - -> - 🏁 [test -> Team #5-09] Found 1 flag(s)
2025-10-01 23:14:42,716 - DEBUG - -> - Skipping duplicate pending flag: COMPFEST17{09}
2025-10-01 23:14:42,730 - INFO - -> - 🏁 [test -> Team #14-27] Found 1 flag(s)
2025-10-01 23:14:42,731 - DEBUG - -> - Skipping duplicate pending flag: COMPFEST17{27}
2025-10-01 23:14:42,731 - INFO - -> - 🏁 [test -> Team #3-05] Found 1 flag(s)
2025-10-01 23:14:42,731 - DEBUG - -> - Skipping duplicate pending flag: COMPFEST17{05}
2025-10-01 23:14:42,746 - INFO - -> - 🏁 [test -> Team #8-15] Found 1 flag(s)
2025-10-01 23:14:42,747 - INFO - -> - 🏁 [test -> Team #11-21] Found 1 flag(s)
2025-10-01 23:14:42,747 - DEBUG - -> - Skipping duplicate pending flag: COMPFEST17{15}
2025-10-01 23:14:42,747 - DEBUG - -> - Skipping duplicate pending flag: COMPFEST17{21}
2025-10-01 23:14:42,762 - INFO - -> - 🏁 [test -> Team #10-19] Found 1 flag(s)
2025-10-01 23:14:42,763 - DEBUG - -> - Skipping duplicate pending flag: COMPFEST17{19}
2025-10-01 23:14:42,763 - INFO - -> - 🏁 [test -> Team #15-29] Found 1 flag(s)
2025-10-01 23:14:42,763 - DEBUG - -> - Skipping duplicate pending flag: COMPFEST17{29}
2025-10-01 23:14:42,779 - INFO - -> - 🏁 [test -> Team #7-13] Found 1 flag(s)
2025-10-01 23:14:42,779 - INFO - -> - 🏁 [test -> Team #2-03] Found 1 flag(s)
2025-10-01 23:14:42,779 - DEBUG - -> - Skipping duplicate pending flag: COMPFEST17{13}
2025-10-01 23:14:42,779 - DEBUG - -> - Skipping duplicate pending flag: COMPFEST17{03}
2025-10-01 23:14:42,794 - INFO - -> - 🏁 [test -> Team #13-25] Found 1 flag(s)
2025-10-01 23:14:42,794 - DEBUG - -> - Skipping duplicate pending flag: COMPFEST17{25}
2025-10-01 23:14:43,166 - INFO - -> - 📤 Candidates for submission (15)
2025-10-01 23:14:43,166 - INFO - -> - 📤 Selected to submit (15)
2025-10-01 23:14:46,240 - INFO - -> - ⏳ COMPFEST17{29}: QUEUED HTTPSConnectionPool(host='api.ctf-compfest.com', port=443): Max retries exceeded with url: /api/v2/submit (Caused by NewConnectionError('<urllib3.connection.HTTPSConnection object at 0x7e7982f93dd0>: Failed to establish a new connection: [Errno 113] No route to host'))
2025-10-01 23:14:46,240 - INFO - -> - ⏳ COMPFEST17{01}: QUEUED HTTPSConnectionPool(host='api.ctf-compfest.com', port=443): Max retries exceeded with url: /api/v2/submit (Caused by NewConnectionError('<urllib3.connection.HTTPSConnection object at 0x7e7982f93dd0>: Failed to establish a new connection: [Errno 113] No route to host'))
2025-10-01 23:14:46,240 - INFO - -> - ⏳ COMPFEST17{27}: QUEUED HTTPSConnectionPool(host='api.ctf-compfest.com', port=443): Max retries exceeded with url: /api/v2/submit (Caused by NewConnectionError('<urllib3.connection.HTTPSConnection object at 0x7e7982f93dd0>: Failed to establish a new connection: [Errno 113] No route to host'))
2025-10-01 23:14:46,240 - INFO - -> - ⏳ COMPFEST17{11}: QUEUED HTTPSConnectionPool(host='api.ctf-compfest.com', port=443): Max retries exceeded with url: /api/v2/submit (Caused by NewConnectionError('<urllib3.connection.HTTPSConnection object at 0x7e7982f93dd0>: Failed to establish a new connection: [Errno 113] No route to host'))
2025-10-01 23:14:46,240 - INFO - -> - ⏳ COMPFEST17{13}: QUEUED HTTPSConnectionPool(host='api.ctf-compfest.com', port=443): Max retries exceeded with url: /api/v2/submit (Caused by NewConnectionError('<urllib3.connection.HTTPSConnection object at 0x7e7982f93dd0>: Failed to establish a new connection: [Errno 113] No route to host'))
2025-10-01 23:14:46,240 - INFO - -> - ⏳ COMPFEST17{21}: QUEUED HTTPSConnectionPool(host='api.ctf-compfest.com', port=443): Max retries exceeded with url: /api/v2/submit (Caused by NewConnectionError('<urllib3.connection.HTTPSConnection object at 0x7e7982f93dd0>: Failed to establish a new connection: [Errno 113] No route to host'))
2025-10-01 23:14:46,240 - INFO - -> - ⏳ COMPFEST17{23}: QUEUED HTTPSConnectionPool(host='api.ctf-compfest.com', port=443): Max retries exceeded with url: /api/v2/submit (Caused by NewConnectionError('<urllib3.connection.HTTPSConnection object at 0x7e7982f93dd0>: Failed to establish a new connection: [Errno 113] No route to host'))
2025-10-01 23:14:46,240 - INFO - -> - ⏳ COMPFEST17{17}: QUEUED HTTPSConnectionPool(host='api.ctf-compfest.com', port=443): Max retries exceeded with url: /api/v2/submit (Caused by NewConnectionError('<urllib3.connection.HTTPSConnection object at 0x7e7982f93dd0>: Failed to establish a new connection: [Errno 113] No route to host'))
2025-10-01 23:14:46,240 - INFO - -> - ⏳ COMPFEST17{25}: QUEUED HTTPSConnectionPool(host='api.ctf-compfest.com', port=443): Max retries exceeded with url: /api/v2/submit (Caused by NewConnectionError('<urllib3.connection.HTTPSConnection object at 0x7e7982f93dd0>: Failed to establish a new connection: [Errno 113] No route to host'))
2025-10-01 23:14:46,240 - INFO - -> - ⏳ COMPFEST17{09}: QUEUED HTTPSConnectionPool(host='api.ctf-compfest.com', port=443): Max retries exceeded with url: /api/v2/submit (Caused by NewConnectionError('<urllib3.connection.HTTPSConnection object at 0x7e7982f93dd0>: Failed to establish a new connection: [Errno 113] No route to host'))
2025-10-01 23:14:46,240 - INFO - -> - ⏳ COMPFEST17{05}: QUEUED HTTPSConnectionPool(host='api.ctf-compfest.com', port=443): Max retries exceeded with url: /api/v2/submit (Caused by NewConnectionError('<urllib3.connection.HTTPSConnection object at 0x7e7982f93dd0>: Failed to establish a new connection: [Errno 113] No route to host'))
2025-10-01 23:14:46,240 - INFO - -> - ⏳ COMPFEST17{15}: QUEUED HTTPSConnectionPool(host='api.ctf-compfest.com', port=443): Max retries exceeded with url: /api/v2/submit (Caused by NewConnectionError('<urllib3.connection.HTTPSConnection object at 0x7e7982f93dd0>: Failed to establish a new connection: [Errno 113] No route to host'))
2025-10-01 23:14:46,240 - INFO - -> - ⏳ COMPFEST17{19}: QUEUED HTTPSConnectionPool(host='api.ctf-compfest.com', port=443): Max retries exceeded with url: /api/v2/submit (Caused by NewConnectionError('<urllib3.connection.HTTPSConnection object at 0x7e7982f93dd0>: Failed to establish a new connection: [Errno 113] No route to host'))
2025-10-01 23:14:46,240 - INFO - -> - ⏳ COMPFEST17{03}: QUEUED HTTPSConnectionPool(host='api.ctf-compfest.com', port=443): Max retries exceeded with url: /api/v2/submit (Caused by NewConnectionError('<urllib3.connection.HTTPSConnection object at 0x7e7982f93dd0>: Failed to establish a new connection: [Errno 113] No route to host'))
2025-10-01 23:14:46,240 - INFO - -> - ⏳ COMPFEST17{07}: QUEUED HTTPSConnectionPool(host='api.ctf-compfest.com', port=443): Max retries exceeded with url: /api/v2/submit (Caused by NewConnectionError('<urllib3.connection.HTTPSConnection object at 0x7e7982f93dd0>: Failed to establish a new connection: [Errno 113] No route to host'))
2025-10-01 23:14:46,240 - INFO - -> - Submission Summary: accepted=0 rejected=0 queued=15
2025-10-01 23:14:46,240 - INFO - -> - Cycle finished; sleeping 26s
2025-10-01 23:15:12,664 - INFO - -> - Starting full-run cycle: signaling all solver threads to run
2025-10-01 23:15:12,669 - INFO - -> - Signaled 1 solver threads this cycle
2025-10-01 23:15:12,686 - INFO - -> - 🏁 [test -> Team #10-19] Found 1 flag(s)
2025-10-01 23:15:12,686 - INFO - -> - 🏁 [test -> Team #4-07] Found 1 flag(s)
2025-10-01 23:15:12,686 - DEBUG - -> - Skipping duplicate pending flag: COMPFEST17{19}
2025-10-01 23:15:12,687 - DEBUG - -> - Skipping duplicate pending flag: COMPFEST17{07}
2025-10-01 23:15:12,702 - INFO - -> - 🏁 [test -> Team #2-03] Found 1 flag(s)
2025-10-01 23:15:12,702 - DEBUG - -> - Skipping duplicate pending flag: COMPFEST17{03}
2025-10-01 23:15:12,704 - INFO - -> - 🏁 [test -> Team #13-25] Found 1 flag(s)
2025-10-01 23:15:12,704 - DEBUG - -> - Skipping duplicate pending flag: COMPFEST17{25}
2025-10-01 23:15:12,719 - INFO - -> - 🏁 [test -> Team #8-15] Found 1 flag(s)
2025-10-01 23:15:12,719 - DEBUG - -> - Skipping duplicate pending flag: COMPFEST17{15}
2025-10-01 23:15:12,719 - INFO - -> - 🏁 [test -> Team #9-17] Found 1 flag(s)
2025-10-01 23:15:12,719 - DEBUG - -> - Skipping duplicate pending flag: COMPFEST17{17}
2025-10-01 23:15:12,734 - INFO - -> - 🏁 [test -> Team #3-05] Found 1 flag(s)
2025-10-01 23:15:12,734 - DEBUG - -> - Skipping duplicate pending flag: COMPFEST17{05}
2025-10-01 23:15:12,734 - INFO - -> - 🏁 [test -> Team #5-09] Found 1 flag(s)
2025-10-01 23:15:12,734 - DEBUG - -> - Skipping duplicate pending flag: COMPFEST17{09}
2025-10-01 23:15:12,749 - INFO - -> - 🏁 [test -> Team #1-01] Found 1 flag(s)
2025-10-01 23:15:12,749 - DEBUG - -> - Skipping duplicate pending flag: COMPFEST17{01}
2025-10-01 23:15:12,750 - INFO - -> - 🏁 [test -> Team #14-27] Found 1 flag(s)
2025-10-01 23:15:12,750 - DEBUG - -> - Skipping duplicate pending flag: COMPFEST17{27}
2025-10-01 23:15:12,763 - INFO - -> - 🏁 [test -> Team #7-13] Found 1 flag(s)
2025-10-01 23:15:12,764 - DEBUG - -> - Skipping duplicate pending flag: COMPFEST17{13}
2025-10-01 23:15:12,765 - INFO - -> - 🏁 [test -> Team #15-29] Found 1 flag(s)
2025-10-01 23:15:12,766 - DEBUG - -> - Skipping duplicate pending flag: COMPFEST17{29}
2025-10-01 23:15:12,779 - INFO - -> - 🏁 [test -> Team #12-23] Found 1 flag(s)
2025-10-01 23:15:12,779 - DEBUG - -> - Skipping duplicate pending flag: COMPFEST17{23}
2025-10-01 23:15:12,782 - INFO - -> - 🏁 [test -> Team #6-11] Found 1 flag(s)
2025-10-01 23:15:12,782 - DEBUG - -> - Skipping duplicate pending flag: COMPFEST17{11}
2025-10-01 23:15:12,795 - INFO - -> - 🏁 [test -> Team #11-21] Found 1 flag(s)
2025-10-01 23:15:12,796 - DEBUG - -> - Skipping duplicate pending flag: COMPFEST17{21}
2025-10-01 23:15:13,170 - INFO - -> - 📤 Candidates for submission (15)
2025-10-01 23:15:13,170 - INFO - -> - 📤 Selected to submit (15)
2025-10-01 23:15:16,254 - INFO - -> - ⏳ COMPFEST17{19}: QUEUED HTTPSConnectionPool(host='api.ctf-compfest.com', port=443): Max retries exceeded with url: /api/v2/submit (Caused by NewConnectionError('<urllib3.connection.HTTPSConnection object at 0x7e7982cb8aa0>: Failed to establish a new connection: [Errno 113] No route to host'))
2025-10-01 23:15:16,255 - INFO - -> - ⏳ COMPFEST17{27}: QUEUED HTTPSConnectionPool(host='api.ctf-compfest.com', port=443): Max retries exceeded with url: /api/v2/submit (Caused by NewConnectionError('<urllib3.connection.HTTPSConnection object at 0x7e7982cb8aa0>: Failed to establish a new connection: [Errno 113] No route to host'))
2025-10-01 23:15:16,255 - INFO - -> - ⏳ COMPFEST17{25}: QUEUED HTTPSConnectionPool(host='api.ctf-compfest.com', port=443): Max retries exceeded with url: /api/v2/submit (Caused by NewConnectionError('<urllib3.connection.HTTPSConnection object at 0x7e7982cb8aa0>: Failed to establish a new connection: [Errno 113] No route to host'))
2025-10-01 23:15:16,255 - INFO - -> - ⏳ COMPFEST17{11}: QUEUED HTTPSConnectionPool(host='api.ctf-compfest.com', port=443): Max retries exceeded with url: /api/v2/submit (Caused by NewConnectionError('<urllib3.connection.HTTPSConnection object at 0x7e7982cb8aa0>: Failed to establish a new connection: [Errno 113] No route to host'))
2025-10-01 23:15:16,255 - INFO - -> - ⏳ COMPFEST17{29}: QUEUED HTTPSConnectionPool(host='api.ctf-compfest.com', port=443): Max retries exceeded with url: /api/v2/submit (Caused by NewConnectionError('<urllib3.connection.HTTPSConnection object at 0x7e7982cb8aa0>: Failed to establish a new connection: [Errno 113] No route to host'))
2025-10-01 23:15:16,255 - INFO - -> - ⏳ COMPFEST17{05}: QUEUED HTTPSConnectionPool(host='api.ctf-compfest.com', port=443): Max retries exceeded with url: /api/v2/submit (Caused by NewConnectionError('<urllib3.connection.HTTPSConnection object at 0x7e7982cb8aa0>: Failed to establish a new connection: [Errno 113] No route to host'))
2025-10-01 23:15:16,255 - INFO - -> - ⏳ COMPFEST17{17}: QUEUED HTTPSConnectionPool(host='api.ctf-compfest.com', port=443): Max retries exceeded with url: /api/v2/submit (Caused by NewConnectionError('<urllib3.connection.HTTPSConnection object at 0x7e7982cb8aa0>: Failed to establish a new connection: [Errno 113] No route to host'))
2025-10-01 23:15:16,255 - INFO - -> - ⏳ COMPFEST17{09}: QUEUED HTTPSConnectionPool(host='api.ctf-compfest.com', port=443): Max retries exceeded with url: /api/v2/submit (Caused by NewConnectionError('<urllib3.connection.HTTPSConnection object at 0x7e7982cb8aa0>: Failed to establish a new connection: [Errno 113] No route to host'))
2025-10-01 23:15:16,255 - INFO - -> - ⏳ COMPFEST17{13}: QUEUED HTTPSConnectionPool(host='api.ctf-compfest.com', port=443): Max retries exceeded with url: /api/v2/submit (Caused by NewConnectionError('<urllib3.connection.HTTPSConnection object at 0x7e7982cb8aa0>: Failed to establish a new connection: [Errno 113] No route to host'))
2025-10-01 23:15:16,255 - INFO - -> - ⏳ COMPFEST17{15}: QUEUED HTTPSConnectionPool(host='api.ctf-compfest.com', port=443): Max retries exceeded with url: /api/v2/submit (Caused by NewConnectionError('<urllib3.connection.HTTPSConnection object at 0x7e7982cb8aa0>: Failed to establish a new connection: [Errno 113] No route to host'))
2025-10-01 23:15:16,255 - INFO - -> - ⏳ COMPFEST17{03}: QUEUED HTTPSConnectionPool(host='api.ctf-compfest.com', port=443): Max retries exceeded with url: /api/v2/submit (Caused by NewConnectionError('<urllib3.connection.HTTPSConnection object at 0x7e7982cb8aa0>: Failed to establish a new connection: [Errno 113] No route to host'))
2025-10-01 23:15:16,255 - INFO - -> - ⏳ COMPFEST17{07}: QUEUED HTTPSConnectionPool(host='api.ctf-compfest.com', port=443): Max retries exceeded with url: /api/v2/submit (Caused by NewConnectionError('<urllib3.connection.HTTPSConnection object at 0x7e7982cb8aa0>: Failed to establish a new connection: [Errno 113] No route to host'))
2025-10-01 23:15:16,255 - INFO - -> - ⏳ COMPFEST17{23}: QUEUED HTTPSConnectionPool(host='api.ctf-compfest.com', port=443): Max retries exceeded with url: /api/v2/submit (Caused by NewConnectionError('<urllib3.connection.HTTPSConnection object at 0x7e7982cb8aa0>: Failed to establish a new connection: [Errno 113] No route to host'))
2025-10-01 23:15:16,255 - INFO - -> - ⏳ COMPFEST17{01}: QUEUED HTTPSConnectionPool(host='api.ctf-compfest.com', port=443): Max retries exceeded with url: /api/v2/submit (Caused by NewConnectionError('<urllib3.connection.HTTPSConnection object at 0x7e7982cb8aa0>: Failed to establish a new connection: [Errno 113] No route to host'))
2025-10-01 23:15:16,255 - INFO - -> - ⏳ COMPFEST17{21}: QUEUED HTTPSConnectionPool(host='api.ctf-compfest.com', port=443): Max retries exceeded with url: /api/v2/submit (Caused by NewConnectionError('<urllib3.connection.HTTPSConnection object at 0x7e7982cb8aa0>: Failed to establish a new connection: [Errno 113] No route to host'))
2025-10-01 23:15:16,255 - INFO - -> - Submission Summary: accepted=0 rejected=0 queued=15
2025-10-01 23:15:16,256 - INFO - -> - Cycle finished; sleeping 26s
2025-10-01 23:15:42,664 - INFO - -> - Starting full-run cycle: signaling all solver threads to run
2025-10-01 23:15:42,665 - INFO - -> - Signaled 1 solver threads this cycle
2025-10-01 23:15:42,681 - INFO - -> - 🏁 [test -> Team #10-19] Found 1 flag(s)
2025-10-01 23:15:42,681 - DEBUG - -> - Skipping duplicate pending flag: COMPFEST17{19}
2025-10-01 23:15:42,682 - INFO - -> - 🏁 [test -> Team #13-25] Found 1 flag(s)
2025-10-01 23:15:42,682 - DEBUG - -> - Skipping duplicate pending flag: COMPFEST17{25}
2025-10-01 23:15:42,696 - INFO - -> - 🏁 [test -> Team #4-07] Found 1 flag(s)
2025-10-01 23:15:42,696 - DEBUG - -> - Skipping duplicate pending flag: COMPFEST17{07}
2025-10-01 23:15:42,697 - INFO - -> - 🏁 [test -> Team #15-29] Found 1 flag(s)
2025-10-01 23:15:42,697 - DEBUG - -> - Skipping duplicate pending flag: COMPFEST17{29}
2025-10-01 23:15:42,711 - INFO - -> - 🏁 [test -> Team #3-05] Found 1 flag(s)
2025-10-01 23:15:42,712 - INFO - -> - 🏁 [test -> Team #6-11] Found 1 flag(s)
2025-10-01 23:15:42,712 - DEBUG - -> - Skipping duplicate pending flag: COMPFEST17{05}
2025-10-01 23:15:42,712 - DEBUG - -> - Skipping duplicate pending flag: COMPFEST17{11}
2025-10-01 23:15:42,726 - INFO - -> - 🏁 [test -> Team #14-27] Found 1 flag(s)
2025-10-01 23:15:42,727 - DEBUG - -> - Skipping duplicate pending flag: COMPFEST17{27}
2025-10-01 23:15:42,728 - INFO - -> - 🏁 [test -> Team #12-23] Found 1 flag(s)
2025-10-01 23:15:42,728 - DEBUG - -> - Skipping duplicate pending flag: COMPFEST17{23}
2025-10-01 23:15:42,742 - INFO - -> - 🏁 [test -> Team #1-01] Found 1 flag(s)
2025-10-01 23:15:42,742 - INFO - -> - 🏁 [test -> Team #2-03] Found 1 flag(s)
2025-10-01 23:15:42,742 - DEBUG - -> - Skipping duplicate pending flag: COMPFEST17{01}
2025-10-01 23:15:42,743 - DEBUG - -> - Skipping duplicate pending flag: COMPFEST17{03}
2025-10-01 23:15:42,758 - INFO - -> - 🏁 [test -> Team #5-09] Found 1 flag(s)
2025-10-01 23:15:42,759 - DEBUG - -> - Skipping duplicate pending flag: COMPFEST17{09}
2025-10-01 23:15:42,760 - INFO - -> - 🏁 [test -> Team #8-15] Found 1 flag(s)
2025-10-01 23:15:42,760 - DEBUG - -> - Skipping duplicate pending flag: COMPFEST17{15}
2025-10-01 23:15:42,775 - INFO - -> - 🏁 [test -> Team #7-13] Found 1 flag(s)
2025-10-01 23:15:42,775 - DEBUG - -> - Skipping duplicate pending flag: COMPFEST17{13}
2025-10-01 23:15:42,779 - INFO - -> - 🏁 [test -> Team #11-21] Found 1 flag(s)
2025-10-01 23:15:42,779 - DEBUG - -> - Skipping duplicate pending flag: COMPFEST17{21}
2025-10-01 23:15:42,790 - INFO - -> - 🏁 [test -> Team #9-17] Found 1 flag(s)
2025-10-01 23:15:42,790 - DEBUG - -> - Skipping duplicate pending flag: COMPFEST17{17}
2025-10-01 23:15:43,165 - INFO - -> - 📤 Candidates for submission (15)
2025-10-01 23:15:43,166 - INFO - -> - 📤 Selected to submit (15)
2025-10-01 23:15:46,271 - INFO - -> - ⏳ COMPFEST17{07}: QUEUED HTTPSConnectionPool(host='api.ctf-compfest.com', port=443): Max retries exceeded with url: /api/v2/submit (Caused by NewConnectionError('<urllib3.connection.HTTPSConnection object at 0x7e79a336fda0>: Failed to establish a new connection: [Errno 113] No route to host'))
2025-10-01 23:15:46,271 - INFO - -> - ⏳ COMPFEST17{17}: QUEUED HTTPSConnectionPool(host='api.ctf-compfest.com', port=443): Max retries exceeded with url: /api/v2/submit (Caused by NewConnectionError('<urllib3.connection.HTTPSConnection object at 0x7e79a336fda0>: Failed to establish a new connection: [Errno 113] No route to host'))
2025-10-01 23:15:46,271 - INFO - -> - ⏳ COMPFEST17{21}: QUEUED HTTPSConnectionPool(host='api.ctf-compfest.com', port=443): Max retries exceeded with url: /api/v2/submit (Caused by NewConnectionError('<urllib3.connection.HTTPSConnection object at 0x7e79a336fda0>: Failed to establish a new connection: [Errno 113] No route to host'))
2025-10-01 23:15:46,271 - INFO - -> - ⏳ COMPFEST17{09}: QUEUED HTTPSConnectionPool(host='api.ctf-compfest.com', port=443): Max retries exceeded with url: /api/v2/submit (Caused by NewConnectionError('<urllib3.connection.HTTPSConnection object at 0x7e79a336fda0>: Failed to establish a new connection: [Errno 113] No route to host'))
2025-10-01 23:15:46,271 - INFO - -> - ⏳ COMPFEST17{01}: QUEUED HTTPSConnectionPool(host='api.ctf-compfest.com', port=443): Max retries exceeded with url: /api/v2/submit (Caused by NewConnectionError('<urllib3.connection.HTTPSConnection object at 0x7e79a336fda0>: Failed to establish a new connection: [Errno 113] No route to host'))
2025-10-01 23:15:46,271 - INFO - -> - ⏳ COMPFEST17{15}: QUEUED HTTPSConnectionPool(host='api.ctf-compfest.com', port=443): Max retries exceeded with url: /api/v2/submit (Caused by NewConnectionError('<urllib3.connection.HTTPSConnection object at 0x7e79a336fda0>: Failed to establish a new connection: [Errno 113] No route to host'))
2025-10-01 23:15:46,271 - INFO - -> - ⏳ COMPFEST17{27}: QUEUED HTTPSConnectionPool(host='api.ctf-compfest.com', port=443): Max retries exceeded with url: /api/v2/submit (Caused by NewConnectionError('<urllib3.connection.HTTPSConnection object at 0x7e79a336fda0>: Failed to establish a new connection: [Errno 113] No route to host'))
2025-10-01 23:15:46,271 - INFO - -> - ⏳ COMPFEST17{11}: QUEUED HTTPSConnectionPool(host='api.ctf-compfest.com', port=443): Max retries exceeded with url: /api/v2/submit (Caused by NewConnectionError('<urllib3.connection.HTTPSConnection object at 0x7e79a336fda0>: Failed to establish a new connection: [Errno 113] No route to host'))
2025-10-01 23:15:46,271 - INFO - -> - ⏳ COMPFEST17{19}: QUEUED HTTPSConnectionPool(host='api.ctf-compfest.com', port=443): Max retries exceeded with url: /api/v2/submit (Caused by NewConnectionError('<urllib3.connection.HTTPSConnection object at 0x7e79a336fda0>: Failed to establish a new connection: [Errno 113] No route to host'))
2025-10-01 23:15:46,272 - INFO - -> - ⏳ COMPFEST17{05}: QUEUED HTTPSConnectionPool(host='api.ctf-compfest.com', port=443): Max retries exceeded with url: /api/v2/submit (Caused by NewConnectionError('<urllib3.connection.HTTPSConnection object at 0x7e79a336fda0>: Failed to establish a new connection: [Errno 113] No route to host'))
2025-10-01 23:15:46,272 - INFO - -> - ⏳ COMPFEST17{23}: QUEUED HTTPSConnectionPool(host='api.ctf-compfest.com', port=443): Max retries exceeded with url: /api/v2/submit (Caused by NewConnectionError('<urllib3.connection.HTTPSConnection object at 0x7e79a336fda0>: Failed to establish a new connection: [Errno 113] No route to host'))
2025-10-01 23:15:46,272 - INFO - -> - ⏳ COMPFEST17{03}: QUEUED HTTPSConnectionPool(host='api.ctf-compfest.com', port=443): Max retries exceeded with url: /api/v2/submit (Caused by NewConnectionError('<urllib3.connection.HTTPSConnection object at 0x7e79a336fda0>: Failed to establish a new connection: [Errno 113] No route to host'))
2025-10-01 23:15:46,272 - INFO - -> - ⏳ COMPFEST17{25}: QUEUED HTTPSConnectionPool(host='api.ctf-compfest.com', port=443): Max retries exceeded with url: /api/v2/submit (Caused by NewConnectionError('<urllib3.connection.HTTPSConnection object at 0x7e79a336fda0>: Failed to establish a new connection: [Errno 113] No route to host'))
2025-10-01 23:15:46,272 - INFO - -> - ⏳ COMPFEST17{29}: QUEUED HTTPSConnectionPool(host='api.ctf-compfest.com', port=443): Max retries exceeded with url: /api/v2/submit (Caused by NewConnectionError('<urllib3.connection.HTTPSConnection object at 0x7e79a336fda0>: Failed to establish a new connection: [Errno 113] No route to host'))
2025-10-01 23:15:46,272 - INFO - -> - ⏳ COMPFEST17{13}: QUEUED HTTPSConnectionPool(host='api.ctf-compfest.com', port=443): Max retries exceeded with url: /api/v2/submit (Caused by NewConnectionError('<urllib3.connection.HTTPSConnection object at 0x7e79a336fda0>: Failed to establish a new connection: [Errno 113] No route to host'))
2025-10-01 23:15:46,272 - INFO - -> - Submission Summary: accepted=0 rejected=0 queued=15
2025-10-01 23:15:46,272 - INFO - -> - Cycle finished; sleeping 26s
2025-10-01 23:16:12,664 - INFO - -> - Starting full-run cycle: signaling all solver threads to run
2025-10-01 23:16:12,665 - INFO - -> - Signaled 1 solver threads this cycle
2025-10-01 23:16:12,682 - INFO - -> - 🏁 [test -> Team #14-27] Found 1 flag(s)
2025-10-01 23:16:12,682 - INFO - -> - 🏁 [test -> Team #11-21] Found 1 flag(s)
2025-10-01 23:16:12,682 - DEBUG - -> - Skipping duplicate pending flag: COMPFEST17{27}
2025-10-01 23:16:12,683 - DEBUG - -> - Skipping duplicate pending flag: COMPFEST17{21}
2025-10-01 23:16:12,697 - INFO - -> - 🏁 [test -> Team #2-03] Found 1 flag(s)
2025-10-01 23:16:12,697 - DEBUG - -> - Skipping duplicate pending flag: COMPFEST17{03}
2025-10-01 23:16:12,698 - INFO - -> - 🏁 [test -> Team #9-17] Found 1 flag(s)
2025-10-01 23:16:12,698 - DEBUG - -> - Skipping duplicate pending flag: COMPFEST17{17}
2025-10-01 23:16:12,717 - INFO - -> - 🏁 [test -> Team #10-19] Found 1 flag(s)
2025-10-01 23:16:12,717 - INFO - -> - 🏁 [test -> Team #1-01] Found 1 flag(s)
2025-10-01 23:16:12,717 - DEBUG - -> - Skipping duplicate pending flag: COMPFEST17{19}
2025-10-01 23:16:12,718 - DEBUG - -> - Skipping duplicate pending flag: COMPFEST17{01}
2025-10-01 23:16:12,732 - INFO - -> - 🏁 [test -> Team #4-07] Found 1 flag(s)
2025-10-01 23:16:12,733 - DEBUG - -> - Skipping duplicate pending flag: COMPFEST17{07}
2025-10-01 23:16:12,733 - INFO - -> - 🏁 [test -> Team #6-11] Found 1 flag(s)
2025-10-01 23:16:12,733 - DEBUG - -> - Skipping duplicate pending flag: COMPFEST17{11}
2025-10-01 23:16:12,749 - INFO - -> - 🏁 [test -> Team #5-09] Found 1 flag(s)
2025-10-01 23:16:12,749 - DEBUG - -> - Skipping duplicate pending flag: COMPFEST17{09}
2025-10-01 23:16:12,749 - INFO - -> - 🏁 [test -> Team #15-29] Found 1 flag(s)
2025-10-01 23:16:12,750 - DEBUG - -> - Skipping duplicate pending flag: COMPFEST17{29}
2025-10-01 23:16:12,764 - INFO - -> - 🏁 [test -> Team #8-15] Found 1 flag(s)
2025-10-01 23:16:12,764 - DEBUG - -> - Skipping duplicate pending flag: COMPFEST17{15}
2025-10-01 23:16:12,765 - INFO - -> - 🏁 [test -> Team #3-05] Found 1 flag(s)
2025-10-01 23:16:12,765 - DEBUG - -> - Skipping duplicate pending flag: COMPFEST17{05}
2025-10-01 23:16:12,780 - INFO - -> - 🏁 [test -> Team #7-13] Found 1 flag(s)
2025-10-01 23:16:12,780 - DEBUG - -> - Skipping duplicate pending flag: COMPFEST17{13}
2025-10-01 23:16:12,780 - INFO - -> - 🏁 [test -> Team #13-25] Found 1 flag(s)
2025-10-01 23:16:12,781 - DEBUG - -> - Skipping duplicate pending flag: COMPFEST17{25}
2025-10-01 23:16:12,796 - INFO - -> - 🏁 [test -> Team #12-23] Found 1 flag(s)
2025-10-01 23:16:12,796 - DEBUG - -> - Skipping duplicate pending flag: COMPFEST17{23}
2025-10-01 23:16:13,166 - INFO - -> - 📤 Candidates for submission (15)
2025-10-01 23:16:13,166 - INFO - -> - 📤 Selected to submit (15)
2025-10-01 23:16:16,223 - INFO - -> - ⏳ COMPFEST17{17}: QUEUED HTTPSConnectionPool(host='api.ctf-compfest.com', port=443): Max retries exceeded with url: /api/v2/submit (Caused by NewConnectionError('<urllib3.connection.HTTPSConnection object at 0x7e7982d7a4e0>: Failed to establish a new connection: [Errno 113] No route to host'))
2025-10-01 23:16:16,223 - INFO - -> - ⏳ COMPFEST17{05}: QUEUED HTTPSConnectionPool(host='api.ctf-compfest.com', port=443): Max retries exceeded with url: /api/v2/submit (Caused by NewConnectionError('<urllib3.connection.HTTPSConnection object at 0x7e7982d7a4e0>: Failed to establish a new connection: [Errno 113] No route to host'))
2025-10-01 23:16:16,223 - INFO - -> - ⏳ COMPFEST17{03}: QUEUED HTTPSConnectionPool(host='api.ctf-compfest.com', port=443): Max retries exceeded with url: /api/v2/submit (Caused by NewConnectionError('<urllib3.connection.HTTPSConnection object at 0x7e7982d7a4e0>: Failed to establish a new connection: [Errno 113] No route to host'))
2025-10-01 23:16:16,223 - INFO - -> - ⏳ COMPFEST17{19}: QUEUED HTTPSConnectionPool(host='api.ctf-compfest.com', port=443): Max retries exceeded with url: /api/v2/submit (Caused by NewConnectionError('<urllib3.connection.HTTPSConnection object at 0x7e7982d7a4e0>: Failed to establish a new connection: [Errno 113] No route to host'))
2025-10-01 23:16:16,223 - INFO - -> - ⏳ COMPFEST17{01}: QUEUED HTTPSConnectionPool(host='api.ctf-compfest.com', port=443): Max retries exceeded with url: /api/v2/submit (Caused by NewConnectionError('<urllib3.connection.HTTPSConnection object at 0x7e7982d7a4e0>: Failed to establish a new connection: [Errno 113] No route to host'))
2025-10-01 23:16:16,223 - INFO - -> - ⏳ COMPFEST17{29}: QUEUED HTTPSConnectionPool(host='api.ctf-compfest.com', port=443): Max retries exceeded with url: /api/v2/submit (Caused by NewConnectionError('<urllib3.connection.HTTPSConnection object at 0x7e7982d7a4e0>: Failed to establish a new connection: [Errno 113] No route to host'))
2025-10-01 23:16:16,223 - INFO - -> - ⏳ COMPFEST17{27}: QUEUED HTTPSConnectionPool(host='api.ctf-compfest.com', port=443): Max retries exceeded with url: /api/v2/submit (Caused by NewConnectionError('<urllib3.connection.HTTPSConnection object at 0x7e7982d7a4e0>: Failed to establish a new connection: [Errno 113] No route to host'))
2025-10-01 23:16:16,223 - INFO - -> - ⏳ COMPFEST17{23}: QUEUED HTTPSConnectionPool(host='api.ctf-compfest.com', port=443): Max retries exceeded with url: /api/v2/submit (Caused by NewConnectionError('<urllib3.connection.HTTPSConnection object at 0x7e7982d7a4e0>: Failed to establish a new connection: [Errno 113] No route to host'))
2025-10-01 23:16:16,223 - INFO - -> - ⏳ COMPFEST17{11}: QUEUED HTTPSConnectionPool(host='api.ctf-compfest.com', port=443): Max retries exceeded with url: /api/v2/submit (Caused by NewConnectionError('<urllib3.connection.HTTPSConnection object at 0x7e7982d7a4e0>: Failed to establish a new connection: [Errno 113] No route to host'))
2025-10-01 23:16:16,223 - INFO - -> - ⏳ COMPFEST17{15}: QUEUED HTTPSConnectionPool(host='api.ctf-compfest.com', port=443): Max retries exceeded with url: /api/v2/submit (Caused by NewConnectionError('<urllib3.connection.HTTPSConnection object at 0x7e7982d7a4e0>: Failed to establish a new connection: [Errno 113] No route to host'))
2025-10-01 23:16:16,223 - INFO - -> - ⏳ COMPFEST17{13}: QUEUED HTTPSConnectionPool(host='api.ctf-compfest.com', port=443): Max retries exceeded with url: /api/v2/submit (Caused by NewConnectionError('<urllib3.connection.HTTPSConnection object at 0x7e7982d7a4e0>: Failed to establish a new connection: [Errno 113] No route to host'))
2025-10-01 23:16:16,223 - INFO - -> - ⏳ COMPFEST17{25}: QUEUED HTTPSConnectionPool(host='api.ctf-compfest.com', port=443): Max retries exceeded with url: /api/v2/submit (Caused by NewConnectionError('<urllib3.connection.HTTPSConnection object at 0x7e7982d7a4e0>: Failed to establish a new connection: [Errno 113] No route to host'))
2025-10-01 23:16:16,223 - INFO - -> - ⏳ COMPFEST17{07}: QUEUED HTTPSConnectionPool(host='api.ctf-compfest.com', port=443): Max retries exceeded with url: /api/v2/submit (Caused by NewConnectionError('<urllib3.connection.HTTPSConnection object at 0x7e7982d7a4e0>: Failed to establish a new connection: [Errno 113] No route to host'))
2025-10-01 23:16:16,223 - INFO - -> - ⏳ COMPFEST17{21}: QUEUED HTTPSConnectionPool(host='api.ctf-compfest.com', port=443): Max retries exceeded with url: /api/v2/submit (Caused by NewConnectionError('<urllib3.connection.HTTPSConnection object at 0x7e7982d7a4e0>: Failed to establish a new connection: [Errno 113] No route to host'))
2025-10-01 23:16:16,223 - INFO - -> - ⏳ COMPFEST17{09}: QUEUED HTTPSConnectionPool(host='api.ctf-compfest.com', port=443): Max retries exceeded with url: /api/v2/submit (Caused by NewConnectionError('<urllib3.connection.HTTPSConnection object at 0x7e7982d7a4e0>: Failed to establish a new connection: [Errno 113] No route to host'))
2025-10-01 23:16:16,223 - INFO - -> - Submission Summary: accepted=0 rejected=0 queued=15
2025-10-01 23:16:16,224 - INFO - -> - Cycle finished; sleeping 26s
2025-10-01 23:16:42,664 - INFO - -> - Starting full-run cycle: signaling all solver threads to run
2025-10-01 23:16:42,666 - INFO - -> - Signaled 1 solver threads this cycle
2025-10-01 23:16:42,683 - INFO - -> - 🏁 [test -> Team #12-23] Found 1 flag(s)
2025-10-01 23:16:42,684 - INFO - -> - 🏁 [test -> Team #14-27] Found 1 flag(s)
2025-10-01 23:16:42,684 - DEBUG - -> - Skipping duplicate pending flag: COMPFEST17{23}
2025-10-01 23:16:42,684 - DEBUG - -> - Skipping duplicate pending flag: COMPFEST17{27}
2025-10-01 23:16:42,700 - INFO - -> - 🏁 [test -> Team #15-29] Found 1 flag(s)
2025-10-01 23:16:42,700 - INFO - -> - 🏁 [test -> Team #2-03] Found 1 flag(s)
2025-10-01 23:16:42,700 - DEBUG - -> - Skipping duplicate pending flag: COMPFEST17{29}
2025-10-01 23:16:42,701 - DEBUG - -> - Skipping duplicate pending flag: COMPFEST17{03}
2025-10-01 23:16:42,716 - INFO - -> - 🏁 [test -> Team #9-17] Found 1 flag(s)
2025-10-01 23:16:42,717 - DEBUG - -> - Skipping duplicate pending flag: COMPFEST17{17}
2025-10-01 23:16:42,717 - INFO - -> - 🏁 [test -> Team #5-09] Found 1 flag(s)
2025-10-01 23:16:42,717 - DEBUG - -> - Skipping duplicate pending flag: COMPFEST17{09}
2025-10-01 23:16:42,735 - INFO - -> - 🏁 [test -> Team #13-25] Found 1 flag(s)
2025-10-01 23:16:42,735 - DEBUG - -> - Skipping duplicate pending flag: COMPFEST17{25}
2025-10-01 23:16:42,735 - INFO - -> - 🏁 [test -> Team #4-07] Found 1 flag(s)
2025-10-01 23:16:42,736 - DEBUG - -> - Skipping duplicate pending flag: COMPFEST17{07}
2025-10-01 23:16:42,751 - INFO - -> - 🏁 [test -> Team #8-15] Found 1 flag(s)
2025-10-01 23:16:42,751 - DEBUG - -> - Skipping duplicate pending flag: COMPFEST17{15}
2025-10-01 23:16:42,756 - INFO - -> - 🏁 [test -> Team #3-05] Found 1 flag(s)
2025-10-01 23:16:42,756 - DEBUG - -> - Skipping duplicate pending flag: COMPFEST17{05}
2025-10-01 23:16:42,766 - INFO - -> - 🏁 [test -> Team #6-11] Found 1 flag(s)
2025-10-01 23:16:42,766 - DEBUG - -> - Skipping duplicate pending flag: COMPFEST17{11}
2025-10-01 23:16:42,772 - INFO - -> - 🏁 [test -> Team #1-01] Found 1 flag(s)
2025-10-01 23:16:42,772 - DEBUG - -> - Skipping duplicate pending flag: COMPFEST17{01}
2025-10-01 23:16:42,781 - INFO - -> - 🏁 [test -> Team #11-21] Found 1 flag(s)
2025-10-01 23:16:42,782 - DEBUG - -> - Skipping duplicate pending flag: COMPFEST17{21}
2025-10-01 23:16:42,787 - INFO - -> - 🏁 [test -> Team #10-19] Found 1 flag(s)
2025-10-01 23:16:42,787 - DEBUG - -> - Skipping duplicate pending flag: COMPFEST17{19}
2025-10-01 23:16:42,796 - INFO - -> - 🏁 [test -> Team #7-13] Found 1 flag(s)
2025-10-01 23:16:42,796 - DEBUG - -> - Skipping duplicate pending flag: COMPFEST17{13}
2025-10-01 23:16:43,166 - INFO - -> - 📤 Candidates for submission (15)
2025-10-01 23:16:43,167 - INFO - -> - 📤 Selected to submit (15)
2025-10-01 23:16:46,239 - INFO - -> - ⏳ COMPFEST17{05}: QUEUED HTTPSConnectionPool(host='api.ctf-compfest.com', port=443): Max retries exceeded with url: /api/v2/submit (Caused by NewConnectionError('<urllib3.connection.HTTPSConnection object at 0x7e79a3230830>: Failed to establish a new connection: [Errno 113] No route to host'))
2025-10-01 23:16:46,239 - INFO - -> - ⏳ COMPFEST17{01}: QUEUED HTTPSConnectionPool(host='api.ctf-compfest.com', port=443): Max retries exceeded with url: /api/v2/submit (Caused by NewConnectionError('<urllib3.connection.HTTPSConnection object at 0x7e79a3230830>: Failed to establish a new connection: [Errno 113] No route to host'))
2025-10-01 23:16:46,239 - INFO - -> - ⏳ COMPFEST17{27}: QUEUED HTTPSConnectionPool(host='api.ctf-compfest.com', port=443): Max retries exceeded with url: /api/v2/submit (Caused by NewConnectionError('<urllib3.connection.HTTPSConnection object at 0x7e79a3230830>: Failed to establish a new connection: [Errno 113] No route to host'))
2025-10-01 23:16:46,239 - INFO - -> - ⏳ COMPFEST17{17}: QUEUED HTTPSConnectionPool(host='api.ctf-compfest.com', port=443): Max retries exceeded with url: /api/v2/submit (Caused by NewConnectionError('<urllib3.connection.HTTPSConnection object at 0x7e79a3230830>: Failed to establish a new connection: [Errno 113] No route to host'))
2025-10-01 23:16:46,239 - INFO - -> - ⏳ COMPFEST17{23}: QUEUED HTTPSConnectionPool(host='api.ctf-compfest.com', port=443): Max retries exceeded with url: /api/v2/submit (Caused by NewConnectionError('<urllib3.connection.HTTPSConnection object at 0x7e79a3230830>: Failed to establish a new connection: [Errno 113] No route to host'))
2025-10-01 23:16:46,239 - INFO - -> - ⏳ COMPFEST17{13}: QUEUED HTTPSConnectionPool(host='api.ctf-compfest.com', port=443): Max retries exceeded with url: /api/v2/submit (Caused by NewConnectionError('<urllib3.connection.HTTPSConnection object at 0x7e79a3230830>: Failed to establish a new connection: [Errno 113] No route to host'))
2025-10-01 23:16:46,239 - INFO - -> - ⏳ COMPFEST17{15}: QUEUED HTTPSConnectionPool(host='api.ctf-compfest.com', port=443): Max retries exceeded with url: /api/v2/submit (Caused by NewConnectionError('<urllib3.connection.HTTPSConnection object at 0x7e79a3230830>: Failed to establish a new connection: [Errno 113] No route to host'))
2025-10-01 23:16:46,239 - INFO - -> - ⏳ COMPFEST17{03}: QUEUED HTTPSConnectionPool(host='api.ctf-compfest.com', port=443): Max retries exceeded with url: /api/v2/submit (Caused by NewConnectionError('<urllib3.connection.HTTPSConnection object at 0x7e79a3230830>: Failed to establish a new connection: [Errno 113] No route to host'))
2025-10-01 23:16:46,239 - INFO - -> - ⏳ COMPFEST17{07}: QUEUED HTTPSConnectionPool(host='api.ctf-compfest.com', port=443): Max retries exceeded with url: /api/v2/submit (Caused by NewConnectionError('<urllib3.connection.HTTPSConnection object at 0x7e79a3230830>: Failed to establish a new connection: [Errno 113] No route to host'))
2025-10-01 23:16:46,240 - INFO - -> - ⏳ COMPFEST17{19}: QUEUED HTTPSConnectionPool(host='api.ctf-compfest.com', port=443): Max retries exceeded with url: /api/v2/submit (Caused by NewConnectionError('<urllib3.connection.HTTPSConnection object at 0x7e79a3230830>: Failed to establish a new connection: [Errno 113] No route to host'))
2025-10-01 23:16:46,240 - INFO - -> - ⏳ COMPFEST17{09}: QUEUED HTTPSConnectionPool(host='api.ctf-compfest.com', port=443): Max retries exceeded with url: /api/v2/submit (Caused by NewConnectionError('<urllib3.connection.HTTPSConnection object at 0x7e79a3230830>: Failed to establish a new connection: [Errno 113] No route to host'))
2025-10-01 23:16:46,240 - INFO - -> - ⏳ COMPFEST17{11}: QUEUED HTTPSConnectionPool(host='api.ctf-compfest.com', port=443): Max retries exceeded with url: /api/v2/submit (Caused by NewConnectionError('<urllib3.connection.HTTPSConnection object at 0x7e79a3230830>: Failed to establish a new connection: [Errno 113] No route to host'))
2025-10-01 23:16:46,240 - INFO - -> - ⏳ COMPFEST17{25}: QUEUED HTTPSConnectionPool(host='api.ctf-compfest.com', port=443): Max retries exceeded with url: /api/v2/submit (Caused by NewConnectionError('<urllib3.connection.HTTPSConnection object at 0x7e79a3230830>: Failed to establish a new connection: [Errno 113] No route to host'))
2025-10-01 23:16:46,240 - INFO - -> - ⏳ COMPFEST17{21}: QUEUED HTTPSConnectionPool(host='api.ctf-compfest.com', port=443): Max retries exceeded with url: /api/v2/submit (Caused by NewConnectionError('<urllib3.connection.HTTPSConnection object at 0x7e79a3230830>: Failed to establish a new connection: [Errno 113] No route to host'))
2025-10-01 23:16:46,240 - INFO - -> - ⏳ COMPFEST17{29}: QUEUED HTTPSConnectionPool(host='api.ctf-compfest.com', port=443): Max retries exceeded with url: /api/v2/submit (Caused by NewConnectionError('<urllib3.connection.HTTPSConnection object at 0x7e79a3230830>: Failed to establish a new connection: [Errno 113] No route to host'))
2025-10-01 23:16:46,240 - INFO - -> - Submission Summary: accepted=0 rejected=0 queued=15
2025-10-01 23:16:46,240 - INFO - -> - Cycle finished; sleeping 26s
2025-10-01 23:17:12,665 - INFO - -> - Starting full-run cycle: signaling all solver threads to run
2025-10-01 23:17:12,665 - INFO - -> - Signaled 1 solver threads this cycle
2025-10-01 23:17:12,682 - INFO - -> - 🏁 [test -> Team #12-23] Found 1 flag(s)
2025-10-01 23:17:12,682 - INFO - -> - 🏁 [test -> Team #3-05] Found 1 flag(s)
2025-10-01 23:17:12,682 - DEBUG - -> - Skipping duplicate pending flag: COMPFEST17{23}
2025-10-01 23:17:12,683 - DEBUG - -> - Skipping duplicate pending flag: COMPFEST17{05}
2025-10-01 23:17:12,698 - INFO - -> - 🏁 [test -> Team #8-15] Found 1 flag(s)
2025-10-01 23:17:12,698 - INFO - -> - 🏁 [test -> Team #10-19] Found 1 flag(s)
2025-10-01 23:17:12,698 - DEBUG - -> - Skipping duplicate pending flag: COMPFEST17{15}
2025-10-01 23:17:12,698 - DEBUG - -> - Skipping duplicate pending flag: COMPFEST17{19}
2025-10-01 23:17:12,714 - INFO - -> - 🏁 [test -> Team #15-29] Found 1 flag(s)
2025-10-01 23:17:12,714 - DEBUG - -> - Skipping duplicate pending flag: COMPFEST17{29}
2025-10-01 23:17:12,716 - INFO - -> - 🏁 [test -> Team #1-01] Found 1 flag(s)
2025-10-01 23:17:12,716 - DEBUG - -> - Skipping duplicate pending flag: COMPFEST17{01}
2025-10-01 23:17:12,729 - INFO - -> - 🏁 [test -> Team #4-07] Found 1 flag(s)
2025-10-01 23:17:12,730 - DEBUG - -> - Skipping duplicate pending flag: COMPFEST17{07}
2025-10-01 23:17:12,732 - INFO - -> - 🏁 [test -> Team #6-11] Found 1 flag(s)
2025-10-01 23:17:12,733 - DEBUG - -> - Skipping duplicate pending flag: COMPFEST17{11}
2025-10-01 23:17:12,745 - INFO - -> - 🏁 [test -> Team #9-17] Found 1 flag(s)
2025-10-01 23:17:12,745 - DEBUG - -> - Skipping duplicate pending flag: COMPFEST17{17}
2025-10-01 23:17:12,748 - INFO - -> - 🏁 [test -> Team #13-25] Found 1 flag(s)
2025-10-01 23:17:12,749 - DEBUG - -> - Skipping duplicate pending flag: COMPFEST17{25}
2025-10-01 23:17:12,760 - INFO - -> - 🏁 [test -> Team #7-13] Found 1 flag(s)
2025-10-01 23:17:12,760 - DEBUG - -> - Skipping duplicate pending flag: COMPFEST17{13}
2025-10-01 23:17:12,764 - INFO - -> - 🏁 [test -> Team #2-03] Found 1 flag(s)
2025-10-01 23:17:12,764 - DEBUG - -> - Skipping duplicate pending flag: COMPFEST17{03}
2025-10-01 23:17:12,775 - INFO - -> - 🏁 [test -> Team #11-21] Found 1 flag(s)
2025-10-01 23:17:12,775 - DEBUG - -> - Skipping duplicate pending flag: COMPFEST17{21}
2025-10-01 23:17:12,780 - INFO - -> - 🏁 [test -> Team #5-09] Found 1 flag(s)
2025-10-01 23:17:12,780 - DEBUG - -> - Skipping duplicate pending flag: COMPFEST17{09}
2025-10-01 23:17:12,790 - INFO - -> - 🏁 [test -> Team #14-27] Found 1 flag(s)
2025-10-01 23:17:12,790 - DEBUG - -> - Skipping duplicate pending flag: COMPFEST17{27}
2025-10-01 23:17:13,166 - INFO - -> - 📤 Candidates for submission (15)
2025-10-01 23:17:13,166 - INFO - -> - 📤 Selected to submit (15)
2025-10-01 23:17:16,254 - INFO - -> - ⏳ COMPFEST17{27}: QUEUED HTTPSConnectionPool(host='api.ctf-compfest.com', port=443): Max retries exceeded with url: /api/v2/submit (Caused by NewConnectionError('<urllib3.connection.HTTPSConnection object at 0x7e7982f91d90>: Failed to establish a new connection: [Errno 113] No route to host'))
2025-10-01 23:17:16,254 - INFO - -> - ⏳ COMPFEST17{29}: QUEUED HTTPSConnectionPool(host='api.ctf-compfest.com', port=443): Max retries exceeded with url: /api/v2/submit (Caused by NewConnectionError('<urllib3.connection.HTTPSConnection object at 0x7e7982f91d90>: Failed to establish a new connection: [Errno 113] No route to host'))
2025-10-01 23:17:16,254 - INFO - -> - ⏳ COMPFEST17{21}: QUEUED HTTPSConnectionPool(host='api.ctf-compfest.com', port=443): Max retries exceeded with url: /api/v2/submit (Caused by NewConnectionError('<urllib3.connection.HTTPSConnection object at 0x7e7982f91d90>: Failed to establish a new connection: [Errno 113] No route to host'))
2025-10-01 23:17:16,255 - INFO - -> - ⏳ COMPFEST17{07}: QUEUED HTTPSConnectionPool(host='api.ctf-compfest.com', port=443): Max retries exceeded with url: /api/v2/submit (Caused by NewConnectionError('<urllib3.connection.HTTPSConnection object at 0x7e7982f91d90>: Failed to establish a new connection: [Errno 113] No route to host'))
2025-10-01 23:17:16,255 - INFO - -> - ⏳ COMPFEST17{17}: QUEUED HTTPSConnectionPool(host='api.ctf-compfest.com', port=443): Max retries exceeded with url: /api/v2/submit (Caused by NewConnectionError('<urllib3.connection.HTTPSConnection object at 0x7e7982f91d90>: Failed to establish a new connection: [Errno 113] No route to host'))
2025-10-01 23:17:16,255 - INFO - -> - ⏳ COMPFEST17{13}: QUEUED HTTPSConnectionPool(host='api.ctf-compfest.com', port=443): Max retries exceeded with url: /api/v2/submit (Caused by NewConnectionError('<urllib3.connection.HTTPSConnection object at 0x7e7982f91d90>: Failed to establish a new connection: [Errno 113] No route to host'))
2025-10-01 23:17:16,255 - INFO - -> - ⏳ COMPFEST17{11}: QUEUED HTTPSConnectionPool(host='api.ctf-compfest.com', port=443): Max retries exceeded with url: /api/v2/submit (Caused by NewConnectionError('<urllib3.connection.HTTPSConnection object at 0x7e7982f91d90>: Failed to establish a new connection: [Errno 113] No route to host'))
2025-10-01 23:17:16,255 - INFO - -> - ⏳ COMPFEST17{25}: QUEUED HTTPSConnectionPool(host='api.ctf-compfest.com', port=443): Max retries exceeded with url: /api/v2/submit (Caused by NewConnectionError('<urllib3.connection.HTTPSConnection object at 0x7e7982f91d90>: Failed to establish a new connection: [Errno 113] No route to host'))
2025-10-01 23:17:16,255 - INFO - -> - ⏳ COMPFEST17{05}: QUEUED HTTPSConnectionPool(host='api.ctf-compfest.com', port=443): Max retries exceeded with url: /api/v2/submit (Caused by NewConnectionError('<urllib3.connection.HTTPSConnection object at 0x7e7982f91d90>: Failed to establish a new connection: [Errno 113] No route to host'))
2025-10-01 23:17:16,255 - INFO - -> - ⏳ COMPFEST17{23}: QUEUED HTTPSConnectionPool(host='api.ctf-compfest.com', port=443): Max retries exceeded with url: /api/v2/submit (Caused by NewConnectionError('<urllib3.connection.HTTPSConnection object at 0x7e7982f91d90>: Failed to establish a new connection: [Errno 113] No route to host'))
2025-10-01 23:17:16,255 - INFO - -> - ⏳ COMPFEST17{03}: QUEUED HTTPSConnectionPool(host='api.ctf-compfest.com', port=443): Max retries exceeded with url: /api/v2/submit (Caused by NewConnectionError('<urllib3.connection.HTTPSConnection object at 0x7e7982f91d90>: Failed to establish a new connection: [Errno 113] No route to host'))
2025-10-01 23:17:16,255 - INFO - -> - ⏳ COMPFEST17{01}: QUEUED HTTPSConnectionPool(host='api.ctf-compfest.com', port=443): Max retries exceeded with url: /api/v2/submit (Caused by NewConnectionError('<urllib3.connection.HTTPSConnection object at 0x7e7982f91d90>: Failed to establish a new connection: [Errno 113] No route to host'))
2025-10-01 23:17:16,255 - INFO - -> - ⏳ COMPFEST17{15}: QUEUED HTTPSConnectionPool(host='api.ctf-compfest.com', port=443): Max retries exceeded with url: /api/v2/submit (Caused by NewConnectionError('<urllib3.connection.HTTPSConnection object at 0x7e7982f91d90>: Failed to establish a new connection: [Errno 113] No route to host'))
2025-10-01 23:17:16,255 - INFO - -> - ⏳ COMPFEST17{09}: QUEUED HTTPSConnectionPool(host='api.ctf-compfest.com', port=443): Max retries exceeded with url: /api/v2/submit (Caused by NewConnectionError('<urllib3.connection.HTTPSConnection object at 0x7e7982f91d90>: Failed to establish a new connection: [Errno 113] No route to host'))
2025-10-01 23:17:16,255 - INFO - -> - ⏳ COMPFEST17{19}: QUEUED HTTPSConnectionPool(host='api.ctf-compfest.com', port=443): Max retries exceeded with url: /api/v2/submit (Caused by NewConnectionError('<urllib3.connection.HTTPSConnection object at 0x7e7982f91d90>: Failed to establish a new connection: [Errno 113] No route to host'))
2025-10-01 23:17:16,255 - INFO - -> - Submission Summary: accepted=0 rejected=0 queued=15
2025-10-01 23:17:16,255 - INFO - -> - Cycle finished; sleeping 26s
2025-10-01 23:17:20,365 - INFO - -> - Starting enhanced runner: per-solver threads ALWAYS on. Per-solver concurrent attacks=True
2025-10-01 23:17:20,415 - INFO - -> - Initialized SQLite DB for flags
2025-10-01 23:17:20,416 - INFO - -> - Starting full-run cycle: signaling all solver threads to run
2025-10-01 23:17:20,417 - INFO - -> - Solver thread started for test.py
2025-10-01 23:17:20,417 - INFO - -> - Signaled 1 solver threads this cycle
2025-10-01 23:17:20,418 - INFO - -> - Watcher started, initial solvers=1
2025-10-01 23:17:20,420 - DEBUG - -> - Skipping already in-progress test.py -> Team #8-15
2025-10-01 23:17:20,420 - DEBUG - -> - Skipping already in-progress test.py -> Team #13-25
2025-10-01 23:17:20,420 - DEBUG - -> - Skipping already in-progress test.py -> Team #15-29
2025-10-01 23:17:20,420 - DEBUG - -> - Skipping already in-progress test.py -> Team #5-09
2025-10-01 23:17:20,421 - DEBUG - -> - Skipping already in-progress test.py -> Team #1-01
2025-10-01 23:17:20,421 - DEBUG - -> - Skipping already in-progress test.py -> Team #6-11
2025-10-01 23:17:20,421 - DEBUG - -> - Skipping already in-progress test.py -> Team #12-23
2025-10-01 23:17:20,421 - DEBUG - -> - Skipping already in-progress test.py -> Team #14-27
2025-10-01 23:17:20,421 - DEBUG - -> - Skipping already in-progress test.py -> Team #3-05
2025-10-01 23:17:20,421 - DEBUG - -> - Skipping already in-progress test.py -> Team #10-19
2025-10-01 23:17:20,421 - DEBUG - -> - Skipping already in-progress test.py -> Team #11-21
2025-10-01 23:17:20,421 - DEBUG - -> - Skipping already in-progress test.py -> Team #2-03
2025-10-01 23:17:20,421 - DEBUG - -> - Skipping already in-progress test.py -> Team #9-17
2025-10-01 23:17:20,421 - DEBUG - -> - Skipping already in-progress test.py -> Team #4-07
2025-10-01 23:17:20,421 - DEBUG - -> - Skipping already in-progress test.py -> Team #7-13
2025-10-01 23:17:20,448 - INFO - -> - 🏁 [test -> Team #13-25] Found 1 flag(s)
2025-10-01 23:17:20,466 - INFO - -> - 🏁 [test -> Team #14-27] Found 1 flag(s)
2025-10-01 23:17:20,469 - DEBUG - -> - Skipping duplicate pending flag: COMPFEST17{25}
2025-10-01 23:17:20,469 - DEBUG - -> - Skipping duplicate pending flag: COMPFEST17{27}
2025-10-01 23:17:20,486 - INFO - -> - 🏁 [test -> Team #5-09] Found 1 flag(s)
2025-10-01 23:17:20,486 - DEBUG - -> - Skipping duplicate pending flag: COMPFEST17{09}
2025-10-01 23:17:20,486 - INFO - -> - 🏁 [test -> Team #1-01] Found 1 flag(s)
2025-10-01 23:17:20,487 - DEBUG - -> - Skipping duplicate pending flag: COMPFEST17{01}
2025-10-01 23:17:20,507 - INFO - -> - 🏁 [test -> Team #11-21] Found 1 flag(s)
2025-10-01 23:17:20,508 - INFO - -> - 🏁 [test -> Team #2-03] Found 1 flag(s)
2025-10-01 23:17:20,508 - DEBUG - -> - Skipping duplicate pending flag: COMPFEST17{21}
2025-10-01 23:17:20,508 - DEBUG - -> - Skipping duplicate pending flag: COMPFEST17{03}
2025-10-01 23:17:20,523 - INFO - -> - 🏁 [test -> Team #6-11] Found 1 flag(s)
2025-10-01 23:17:20,523 - DEBUG - -> - Skipping duplicate pending flag: COMPFEST17{11}
2025-10-01 23:17:20,524 - INFO - -> - 🏁 [test -> Team #12-23] Found 1 flag(s)
2025-10-01 23:17:20,524 - DEBUG - -> - Skipping duplicate pending flag: COMPFEST17{23}
2025-10-01 23:17:20,538 - INFO - -> - 🏁 [test -> Team #7-13] Found 1 flag(s)
2025-10-01 23:17:20,539 - DEBUG - -> - Skipping duplicate pending flag: COMPFEST17{13}
2025-10-01 23:17:20,540 - INFO - -> - 🏁 [test -> Team #3-05] Found 1 flag(s)
2025-10-01 23:17:20,540 - DEBUG - -> - Skipping duplicate pending flag: COMPFEST17{05}
2025-10-01 23:17:20,553 - INFO - -> - 🏁 [test -> Team #8-15] Found 1 flag(s)
2025-10-01 23:17:20,554 - DEBUG - -> - Skipping duplicate pending flag: COMPFEST17{15}
2025-10-01 23:17:20,555 - INFO - -> - 🏁 [test -> Team #15-29] Found 1 flag(s)
2025-10-01 23:17:20,555 - DEBUG - -> - Skipping duplicate pending flag: COMPFEST17{29}
2025-10-01 23:17:20,570 - INFO - -> - 🏁 [test -> Team #4-07] Found 1 flag(s)
2025-10-01 23:17:20,570 - DEBUG - -> - Skipping duplicate pending flag: COMPFEST17{07}
2025-10-01 23:17:20,571 - INFO - -> - 🏁 [test -> Team #10-19] Found 1 flag(s)
2025-10-01 23:17:20,572 - DEBUG - -> - Skipping duplicate pending flag: COMPFEST17{19}
2025-10-01 23:17:20,585 - INFO - -> - 🏁 [test -> Team #9-17] Found 1 flag(s)
2025-10-01 23:17:20,585 - DEBUG - -> - Skipping duplicate pending flag: COMPFEST17{17}
2025-10-01 23:17:20,918 - INFO - -> - 📤 Candidates for submission (15)
2025-10-01 23:17:20,918 - INFO - -> - 📤 Selected to submit (15)
2025-10-01 23:17:23,999 - INFO - -> - ⏳ COMPFEST17{03}: QUEUED HTTPSConnectionPool(host='api.ctf-compfest.com', port=443): Max retries exceeded with url: /api/v2/submit (Caused by NewConnectionError('<urllib3.connection.HTTPSConnection object at 0x72d65817a030>: Failed to establish a new connection: [Errno 113] No route to host'))
2025-10-01 23:17:24,000 - INFO - -> - ⏳ COMPFEST17{01}: QUEUED HTTPSConnectionPool(host='api.ctf-compfest.com', port=443): Max retries exceeded with url: /api/v2/submit (Caused by NewConnectionError('<urllib3.connection.HTTPSConnection object at 0x72d65817a030>: Failed to establish a new connection: [Errno 113] No route to host'))
2025-10-01 23:17:24,000 - INFO - -> - ⏳ COMPFEST17{25}: QUEUED HTTPSConnectionPool(host='api.ctf-compfest.com', port=443): Max retries exceeded with url: /api/v2/submit (Caused by NewConnectionError('<urllib3.connection.HTTPSConnection object at 0x72d65817a030>: Failed to establish a new connection: [Errno 113] No route to host'))
2025-10-01 23:17:24,000 - INFO - -> - ⏳ COMPFEST17{21}: QUEUED HTTPSConnectionPool(host='api.ctf-compfest.com', port=443): Max retries exceeded with url: /api/v2/submit (Caused by NewConnectionError('<urllib3.connection.HTTPSConnection object at 0x72d65817a030>: Failed to establish a new connection: [Errno 113] No route to host'))
2025-10-01 23:17:24,000 - INFO - -> - ⏳ COMPFEST17{19}: QUEUED HTTPSConnectionPool(host='api.ctf-compfest.com', port=443): Max retries exceeded with url: /api/v2/submit (Caused by NewConnectionError('<urllib3.connection.HTTPSConnection object at 0x72d65817a030>: Failed to establish a new connection: [Errno 113] No route to host'))
2025-10-01 23:17:24,000 - INFO - -> - ⏳ COMPFEST17{17}: QUEUED HTTPSConnectionPool(host='api.ctf-compfest.com', port=443): Max retries exceeded with url: /api/v2/submit (Caused by NewConnectionError('<urllib3.connection.HTTPSConnection object at 0x72d65817a030>: Failed to establish a new connection: [Errno 113] No route to host'))
2025-10-01 23:17:24,000 - INFO - -> - ⏳ COMPFEST17{23}: QUEUED HTTPSConnectionPool(host='api.ctf-compfest.com', port=443): Max retries exceeded with url: /api/v2/submit (Caused by NewConnectionError('<urllib3.connection.HTTPSConnection object at 0x72d65817a030>: Failed to establish a new connection: [Errno 113] No route to host'))
2025-10-01 23:17:24,000 - INFO - -> - ⏳ COMPFEST17{11}: QUEUED HTTPSConnectionPool(host='api.ctf-compfest.com', port=443): Max retries exceeded with url: /api/v2/submit (Caused by NewConnectionError('<urllib3.connection.HTTPSConnection object at 0x72d65817a030>: Failed to establish a new connection: [Errno 113] No route to host'))
2025-10-01 23:17:24,000 - INFO - -> - ⏳ COMPFEST17{05}: QUEUED HTTPSConnectionPool(host='api.ctf-compfest.com', port=443): Max retries exceeded with url: /api/v2/submit (Caused by NewConnectionError('<urllib3.connection.HTTPSConnection object at 0x72d65817a030>: Failed to establish a new connection: [Errno 113] No route to host'))
2025-10-01 23:17:24,000 - INFO - -> - ⏳ COMPFEST17{13}: QUEUED HTTPSConnectionPool(host='api.ctf-compfest.com', port=443): Max retries exceeded with url: /api/v2/submit (Caused by NewConnectionError('<urllib3.connection.HTTPSConnection object at 0x72d65817a030>: Failed to establish a new connection: [Errno 113] No route to host'))
2025-10-01 23:17:24,000 - INFO - -> - ⏳ COMPFEST17{15}: QUEUED HTTPSConnectionPool(host='api.ctf-compfest.com', port=443): Max retries exceeded with url: /api/v2/submit (Caused by NewConnectionError('<urllib3.connection.HTTPSConnection object at 0x72d65817a030>: Failed to establish a new connection: [Errno 113] No route to host'))
2025-10-01 23:17:24,000 - INFO - -> - ⏳ COMPFEST17{27}: QUEUED HTTPSConnectionPool(host='api.ctf-compfest.com', port=443): Max retries exceeded with url: /api/v2/submit (Caused by NewConnectionError('<urllib3.connection.HTTPSConnection object at 0x72d65817a030>: Failed to establish a new connection: [Errno 113] No route to host'))
2025-10-01 23:17:24,000 - INFO - -> - ⏳ COMPFEST17{07}: QUEUED HTTPSConnectionPool(host='api.ctf-compfest.com', port=443): Max retries exceeded with url: /api/v2/submit (Caused by NewConnectionError('<urllib3.connection.HTTPSConnection object at 0x72d65817a030>: Failed to establish a new connection: [Errno 113] No route to host'))
2025-10-01 23:17:24,000 - INFO - -> - ⏳ COMPFEST17{29}: QUEUED HTTPSConnectionPool(host='api.ctf-compfest.com', port=443): Max retries exceeded with url: /api/v2/submit (Caused by NewConnectionError('<urllib3.connection.HTTPSConnection object at 0x72d65817a030>: Failed to establish a new connection: [Errno 113] No route to host'))
2025-10-01 23:17:24,000 - INFO - -> - ⏳ COMPFEST17{09}: QUEUED HTTPSConnectionPool(host='api.ctf-compfest.com', port=443): Max retries exceeded with url: /api/v2/submit (Caused by NewConnectionError('<urllib3.connection.HTTPSConnection object at 0x72d65817a030>: Failed to establish a new connection: [Errno 113] No route to host'))
2025-10-01 23:17:24,000 - INFO - -> - Submission Summary: accepted=0 rejected=0 queued=15
2025-10-01 23:17:24,000 - INFO - -> - Cycle finished; sleeping 26s
2025-10-01 23:18:14,062 - INFO - -> - Starting enhanced runner: per-solver threads ALWAYS on. Per-solver concurrent attacks=True
2025-10-01 23:18:14,103 - INFO - -> - Initialized SQLite DB for flags
2025-10-01 23:18:14,118 - INFO - -> - Starting full-run cycle: signaling all solver threads to run
2025-10-01 23:18:14,119 - INFO - -> - Solver thread started for test.py
2025-10-01 23:18:14,120 - INFO - -> - Signaled 1 solver threads this cycle
2025-10-01 23:18:14,121 - INFO - -> - Watcher started, initial solvers=1
2025-10-01 23:18:14,122 - DEBUG - -> - Skipping already in-progress test.py -> Team #12-23
2025-10-01 23:18:14,122 - DEBUG - -> - Skipping already in-progress test.py -> Team #11-21
2025-10-01 23:18:14,123 - DEBUG - -> - Skipping already in-progress test.py -> Team #13-25
2025-10-01 23:18:14,123 - DEBUG - -> - Skipping already in-progress test.py -> Team #15-29
2025-10-01 23:18:14,123 - DEBUG - -> - Skipping already in-progress test.py -> Team #2-03
2025-10-01 23:18:14,123 - DEBUG - -> - Skipping already in-progress test.py -> Team #4-07
2025-10-01 23:18:14,123 - DEBUG - -> - Skipping already in-progress test.py -> Team #3-05
2025-10-01 23:18:14,123 - DEBUG - -> - Skipping already in-progress test.py -> Team #14-27
2025-10-01 23:18:14,124 - DEBUG - -> - Skipping already in-progress test.py -> Team #9-17
2025-10-01 23:18:14,124 - DEBUG - -> - Skipping already in-progress test.py -> Team #8-15
2025-10-01 23:18:14,124 - DEBUG - -> - Skipping already in-progress test.py -> Team #7-13
2025-10-01 23:18:14,124 - DEBUG - -> - Skipping already in-progress test.py -> Team #10-19
2025-10-01 23:18:14,124 - DEBUG - -> - Skipping already in-progress test.py -> Team #5-09
2025-10-01 23:18:14,124 - DEBUG - -> - Skipping already in-progress test.py -> Team #6-11
2025-10-01 23:18:14,124 - DEBUG - -> - Skipping already in-progress test.py -> Team #1-01
2025-10-01 23:18:14,150 - INFO - -> - 🏁 [test -> Team #9-17] Found 1 flag(s)
2025-10-01 23:18:14,176 - INFO - -> - 🏁 [test -> Team #13-25] Found 1 flag(s)
2025-10-01 23:18:14,179 - DEBUG - -> - Skipping duplicate pending flag: COMPFEST17{17}
2025-10-01 23:18:14,179 - DEBUG - -> - Skipping duplicate pending flag: COMPFEST17{25}
2025-10-01 23:18:14,196 - INFO - -> - 🏁 [test -> Team #8-15] Found 1 flag(s)
2025-10-01 23:18:14,196 - INFO - -> - 🏁 [test -> Team #2-03] Found 1 flag(s)
2025-10-01 23:18:14,196 - DEBUG - -> - Skipping duplicate pending flag: COMPFEST17{15}
2025-10-01 23:18:14,196 - DEBUG - -> - Skipping duplicate pending flag: COMPFEST17{03}
2025-10-01 23:18:14,212 - INFO - -> - 🏁 [test -> Team #6-11] Found 1 flag(s)
2025-10-01 23:18:14,212 - INFO - -> - 🏁 [test -> Team #7-13] Found 1 flag(s)
2025-10-01 23:18:14,212 - DEBUG - -> - Skipping duplicate pending flag: COMPFEST17{11}
2025-10-01 23:18:14,212 - DEBUG - -> - Skipping duplicate pending flag: COMPFEST17{13}
2025-10-01 23:18:14,227 - INFO - -> - 🏁 [test -> Team #15-29] Found 1 flag(s)
2025-10-01 23:18:14,227 - DEBUG - -> - Skipping duplicate pending flag: COMPFEST17{29}
2025-10-01 23:18:14,228 - INFO - -> - 🏁 [test -> Team #11-21] Found 1 flag(s)
2025-10-01 23:18:14,228 - DEBUG - -> - Skipping duplicate pending flag: COMPFEST17{21}
2025-10-01 23:18:14,243 - INFO - -> - 🏁 [test -> Team #14-27] Found 1 flag(s)
2025-10-01 23:18:14,243 - DEBUG - -> - Skipping duplicate pending flag: COMPFEST17{27}
2025-10-01 23:18:14,243 - INFO - -> - 🏁 [test -> Team #10-19] Found 1 flag(s)
2025-10-01 23:18:14,243 - DEBUG - -> - Skipping duplicate pending flag: COMPFEST17{19}
2025-10-01 23:18:14,257 - INFO - -> - 🏁 [test -> Team #12-23] Found 1 flag(s)
2025-10-01 23:18:14,257 - DEBUG - -> - Skipping duplicate pending flag: COMPFEST17{23}
2025-10-01 23:18:14,258 - INFO - -> - 🏁 [test -> Team #3-05] Found 1 flag(s)
2025-10-01 23:18:14,258 - DEBUG - -> - Skipping duplicate pending flag: COMPFEST17{05}
2025-10-01 23:18:14,272 - INFO - -> - 🏁 [test -> Team #5-09] Found 1 flag(s)
2025-10-01 23:18:14,272 - DEBUG - -> - Skipping duplicate pending flag: COMPFEST17{09}
2025-10-01 23:18:14,272 - INFO - -> - 🏁 [test -> Team #1-01] Found 1 flag(s)
2025-10-01 23:18:14,273 - DEBUG - -> - Skipping duplicate pending flag: COMPFEST17{01}
2025-10-01 23:18:14,287 - INFO - -> - 🏁 [test -> Team #4-07] Found 1 flag(s)
2025-10-01 23:18:14,287 - DEBUG - -> - Skipping duplicate pending flag: COMPFEST17{07}
2025-10-01 23:18:14,621 - INFO - -> - 📤 Candidates for submission (15)
2025-10-01 23:18:14,621 - INFO - -> - 📤 Selected to submit (15)
2025-10-01 23:18:17,695 - INFO - -> - ⏳ COMPFEST17{03}: QUEUED HTTPSConnectionPool(host='api.ctf-compfest.com', port=443): Max retries exceeded with url: /api/v2/submit (Caused by NewConnectionError('<urllib3.connection.HTTPSConnection object at 0x7daa8e1acb00>: Failed to establish a new connection: [Errno 113] No route to host'))
2025-10-01 23:18:17,695 - INFO - -> - ⏳ COMPFEST17{23}: QUEUED HTTPSConnectionPool(host='api.ctf-compfest.com', port=443): Max retries exceeded with url: /api/v2/submit (Caused by NewConnectionError('<urllib3.connection.HTTPSConnection object at 0x7daa8e1acb00>: Failed to establish a new connection: [Errno 113] No route to host'))
2025-10-01 23:18:17,695 - INFO - -> - ⏳ COMPFEST17{25}: QUEUED HTTPSConnectionPool(host='api.ctf-compfest.com', port=443): Max retries exceeded with url: /api/v2/submit (Caused by NewConnectionError('<urllib3.connection.HTTPSConnection object at 0x7daa8e1acb00>: Failed to establish a new connection: [Errno 113] No route to host'))
2025-10-01 23:18:17,695 - INFO - -> - ⏳ COMPFEST17{15}: QUEUED HTTPSConnectionPool(host='api.ctf-compfest.com', port=443): Max retries exceeded with url: /api/v2/submit (Caused by NewConnectionError('<urllib3.connection.HTTPSConnection object at 0x7daa8e1acb00>: Failed to establish a new connection: [Errno 113] No route to host'))
2025-10-01 23:18:17,695 - INFO - -> - ⏳ COMPFEST17{17}: QUEUED HTTPSConnectionPool(host='api.ctf-compfest.com', port=443): Max retries exceeded with url: /api/v2/submit (Caused by NewConnectionError('<urllib3.connection.HTTPSConnection object at 0x7daa8e1acb00>: Failed to establish a new connection: [Errno 113] No route to host'))
2025-10-01 23:18:17,695 - INFO - -> - ⏳ COMPFEST17{21}: QUEUED HTTPSConnectionPool(host='api.ctf-compfest.com', port=443): Max retries exceeded with url: /api/v2/submit (Caused by NewConnectionError('<urllib3.connection.HTTPSConnection object at 0x7daa8e1acb00>: Failed to establish a new connection: [Errno 113] No route to host'))
2025-10-01 23:18:17,695 - INFO - -> - ⏳ COMPFEST17{05}: QUEUED HTTPSConnectionPool(host='api.ctf-compfest.com', port=443): Max retries exceeded with url: /api/v2/submit (Caused by NewConnectionError('<urllib3.connection.HTTPSConnection object at 0x7daa8e1acb00>: Failed to establish a new connection: [Errno 113] No route to host'))
2025-10-01 23:18:17,695 - INFO - -> - ⏳ COMPFEST17{07}: QUEUED HTTPSConnectionPool(host='api.ctf-compfest.com', port=443): Max retries exceeded with url: /api/v2/submit (Caused by NewConnectionError('<urllib3.connection.HTTPSConnection object at 0x7daa8e1acb00>: Failed to establish a new connection: [Errno 113] No route to host'))
2025-10-01 23:18:17,695 - INFO - -> - ⏳ COMPFEST17{09}: QUEUED HTTPSConnectionPool(host='api.ctf-compfest.com', port=443): Max retries exceeded with url: /api/v2/submit (Caused by NewConnectionError('<urllib3.connection.HTTPSConnection object at 0x7daa8e1acb00>: Failed to establish a new connection: [Errno 113] No route to host'))
2025-10-01 23:18:17,695 - INFO - -> - ⏳ COMPFEST17{01}: QUEUED HTTPSConnectionPool(host='api.ctf-compfest.com', port=443): Max retries exceeded with url: /api/v2/submit (Caused by NewConnectionError('<urllib3.connection.HTTPSConnection object at 0x7daa8e1acb00>: Failed to establish a new connection: [Errno 113] No route to host'))
2025-10-01 23:18:17,695 - INFO - -> - ⏳ COMPFEST17{13}: QUEUED HTTPSConnectionPool(host='api.ctf-compfest.com', port=443): Max retries exceeded with url: /api/v2/submit (Caused by NewConnectionError('<urllib3.connection.HTTPSConnection object at 0x7daa8e1acb00>: Failed to establish a new connection: [Errno 113] No route to host'))
2025-10-01 23:18:17,695 - INFO - -> - ⏳ COMPFEST17{19}: QUEUED HTTPSConnectionPool(host='api.ctf-compfest.com', port=443): Max retries exceeded with url: /api/v2/submit (Caused by NewConnectionError('<urllib3.connection.HTTPSConnection object at 0x7daa8e1acb00>: Failed to establish a new connection: [Errno 113] No route to host'))
2025-10-01 23:18:17,695 - INFO - -> - ⏳ COMPFEST17{11}: QUEUED HTTPSConnectionPool(host='api.ctf-compfest.com', port=443): Max retries exceeded with url: /api/v2/submit (Caused by NewConnectionError('<urllib3.connection.HTTPSConnection object at 0x7daa8e1acb00>: Failed to establish a new connection: [Errno 113] No route to host'))
2025-10-01 23:18:17,695 - INFO - -> - ⏳ COMPFEST17{27}: QUEUED HTTPSConnectionPool(host='api.ctf-compfest.com', port=443): Max retries exceeded with url: /api/v2/submit (Caused by NewConnectionError('<urllib3.connection.HTTPSConnection object at 0x7daa8e1acb00>: Failed to establish a new connection: [Errno 113] No route to host'))
2025-10-01 23:18:17,695 - INFO - -> - ⏳ COMPFEST17{29}: QUEUED HTTPSConnectionPool(host='api.ctf-compfest.com', port=443): Max retries exceeded with url: /api/v2/submit (Caused by NewConnectionError('<urllib3.connection.HTTPSConnection object at 0x7daa8e1acb00>: Failed to establish a new connection: [Errno 113] No route to host'))
2025-10-01 23:18:17,696 - INFO - -> - Submission Summary: accepted=0 rejected=0 queued=15
2025-10-01 23:18:17,696 - INFO - -> - Cycle finished; sleeping 26s
2025-10-01 23:19:04,326 - INFO - -> - Starting enhanced runner: per-solver threads ALWAYS on. Per-solver concurrent attacks=True
2025-10-01 23:19:04,378 - INFO - -> - Initialized SQLite DB for flags
2025-10-01 23:19:04,381 - INFO - -> - Starting full-run cycle: signaling all solver threads to run
2025-10-01 23:19:04,382 - INFO - -> - Solver thread started for test.py
2025-10-01 23:19:04,382 - INFO - -> - Signaled 1 solver threads this cycle
2025-10-01 23:19:04,384 - INFO - -> - Watcher started, initial solvers=1
2025-10-01 23:19:04,385 - DEBUG - -> - Skipping already in-progress test.py -> Team #13-25
2025-10-01 23:19:04,385 - DEBUG - -> - Skipping already in-progress test.py -> Team #6-11
2025-10-01 23:19:04,386 - DEBUG - -> - Skipping already in-progress test.py -> Team #11-21
2025-10-01 23:19:04,386 - DEBUG - -> - Skipping already in-progress test.py -> Team #7-13
2025-10-01 23:19:04,386 - DEBUG - -> - Skipping already in-progress test.py -> Team #4-07
2025-10-01 23:19:04,386 - DEBUG - -> - Skipping already in-progress test.py -> Team #15-29
2025-10-01 23:19:04,386 - DEBUG - -> - Skipping already in-progress test.py -> Team #10-19
2025-10-01 23:19:04,386 - DEBUG - -> - Skipping already in-progress test.py -> Team #9-17
2025-10-01 23:19:04,386 - DEBUG - -> - Skipping already in-progress test.py -> Team #5-09
2025-10-01 23:19:04,387 - DEBUG - -> - Skipping already in-progress test.py -> Team #1-01
2025-10-01 23:19:04,387 - DEBUG - -> - Skipping already in-progress test.py -> Team #12-23
2025-10-01 23:19:04,387 - DEBUG - -> - Skipping already in-progress test.py -> Team #3-05
2025-10-01 23:19:04,387 - DEBUG - -> - Skipping already in-progress test.py -> Team #8-15
2025-10-01 23:19:04,387 - DEBUG - -> - Skipping already in-progress test.py -> Team #14-27
2025-10-01 23:19:04,387 - DEBUG - -> - Skipping already in-progress test.py -> Team #2-03
2025-10-01 23:19:04,421 - INFO - -> - 🏁 [test -> Team #15-29] Found 1 flag(s)
2025-10-01 23:19:04,437 - INFO - -> - 🏁 [test -> Team #1-01] Found 1 flag(s)
2025-10-01 23:19:04,440 - DEBUG - -> - Skipping duplicate pending flag: COMPFEST17{29}
2025-10-01 23:19:04,441 - DEBUG - -> - Skipping duplicate pending flag: COMPFEST17{01}
2025-10-01 23:19:04,456 - INFO - -> - 🏁 [test -> Team #9-17] Found 1 flag(s)
2025-10-01 23:19:04,456 - INFO - -> - 🏁 [test -> Team #6-11] Found 1 flag(s)
2025-10-01 23:19:04,456 - DEBUG - -> - Skipping duplicate pending flag: COMPFEST17{17}
2025-10-01 23:19:04,457 - DEBUG - -> - Skipping duplicate pending flag: COMPFEST17{11}
2025-10-01 23:19:04,471 - INFO - -> - 🏁 [test -> Team #4-07] Found 1 flag(s)
2025-10-01 23:19:04,471 - DEBUG - -> - Skipping duplicate pending flag: COMPFEST17{07}
2025-10-01 23:19:04,472 - INFO - -> - 🏁 [test -> Team #11-21] Found 1 flag(s)
2025-10-01 23:19:04,472 - DEBUG - -> - Skipping duplicate pending flag: COMPFEST17{21}
2025-10-01 23:19:04,487 - INFO - -> - 🏁 [test -> Team #3-05] Found 1 flag(s)
2025-10-01 23:19:04,487 - INFO - -> - 🏁 [test -> Team #14-27] Found 1 flag(s)
2025-10-01 23:19:04,487 - DEBUG - -> - Skipping duplicate pending flag: COMPFEST17{05}
2025-10-01 23:19:04,487 - DEBUG - -> - Skipping duplicate pending flag: COMPFEST17{27}
2025-10-01 23:19:04,502 - INFO - -> - 🏁 [test -> Team #8-15] Found 1 flag(s)
2025-10-01 23:19:04,502 - DEBUG - -> - Skipping duplicate pending flag: COMPFEST17{15}
2025-10-01 23:19:04,502 - INFO - -> - 🏁 [test -> Team #5-09] Found 1 flag(s)
2025-10-01 23:19:04,502 - DEBUG - -> - Skipping duplicate pending flag: COMPFEST17{09}
2025-10-01 23:19:04,517 - INFO - -> - 🏁 [test -> Team #2-03] Found 1 flag(s)
2025-10-01 23:19:04,517 - DEBUG - -> - Skipping duplicate pending flag: COMPFEST17{03}
2025-10-01 23:19:04,518 - INFO - -> - 🏁 [test -> Team #10-19] Found 1 flag(s)
2025-10-01 23:19:04,518 - DEBUG - -> - Skipping duplicate pending flag: COMPFEST17{19}
2025-10-01 23:19:04,532 - INFO - -> - 🏁 [test -> Team #13-25] Found 1 flag(s)
2025-10-01 23:19:04,532 - DEBUG - -> - Skipping duplicate pending flag: COMPFEST17{25}
2025-10-01 23:19:04,533 - INFO - -> - 🏁 [test -> Team #7-13] Found 1 flag(s)
2025-10-01 23:19:04,533 - DEBUG - -> - Skipping duplicate pending flag: COMPFEST17{13}
2025-10-01 23:19:04,547 - INFO - -> - 🏁 [test -> Team #12-23] Found 1 flag(s)
2025-10-01 23:19:04,547 - DEBUG - -> - Skipping duplicate pending flag: COMPFEST17{23}
2025-10-01 23:19:04,883 - INFO - -> - 📤 Candidates for submission (15)
2025-10-01 23:19:04,883 - INFO - -> - 📤 Selected to submit (15)
2025-10-01 23:19:07,999 - INFO - -> - ⏳ COMPFEST17{13}: QUEUED HTTPSConnectionPool(host='api.ctf-compfest.com', port=443): Max retries exceeded with url: /api/v2/submit (Caused by NewConnectionError('<urllib3.connection.HTTPSConnection object at 0x76a854a8bb00>: Failed to establish a new connection: [Errno 113] No route to host'))
2025-10-01 23:19:07,999 - INFO - -> - ⏳ COMPFEST17{01}: QUEUED HTTPSConnectionPool(host='api.ctf-compfest.com', port=443): Max retries exceeded with url: /api/v2/submit (Caused by NewConnectionError('<urllib3.connection.HTTPSConnection object at 0x76a854a8bb00>: Failed to establish a new connection: [Errno 113] No route to host'))
2025-10-01 23:19:07,999 - INFO - -> - ⏳ COMPFEST17{23}: QUEUED HTTPSConnectionPool(host='api.ctf-compfest.com', port=443): Max retries exceeded with url: /api/v2/submit (Caused by NewConnectionError('<urllib3.connection.HTTPSConnection object at 0x76a854a8bb00>: Failed to establish a new connection: [Errno 113] No route to host'))
2025-10-01 23:19:07,999 - INFO - -> - ⏳ COMPFEST17{11}: QUEUED HTTPSConnectionPool(host='api.ctf-compfest.com', port=443): Max retries exceeded with url: /api/v2/submit (Caused by NewConnectionError('<urllib3.connection.HTTPSConnection object at 0x76a854a8bb00>: Failed to establish a new connection: [Errno 113] No route to host'))
2025-10-01 23:19:07,999 - INFO - -> - ⏳ COMPFEST17{07}: QUEUED HTTPSConnectionPool(host='api.ctf-compfest.com', port=443): Max retries exceeded with url: /api/v2/submit (Caused by NewConnectionError('<urllib3.connection.HTTPSConnection object at 0x76a854a8bb00>: Failed to establish a new connection: [Errno 113] No route to host'))
2025-10-01 23:19:07,999 - INFO - -> - ⏳ COMPFEST17{09}: QUEUED HTTPSConnectionPool(host='api.ctf-compfest.com', port=443): Max retries exceeded with url: /api/v2/submit (Caused by NewConnectionError('<urllib3.connection.HTTPSConnection object at 0x76a854a8bb00>: Failed to establish a new connection: [Errno 113] No route to host'))
2025-10-01 23:19:07,999 - INFO - -> - ⏳ COMPFEST17{21}: QUEUED HTTPSConnectionPool(host='api.ctf-compfest.com', port=443): Max retries exceeded with url: /api/v2/submit (Caused by NewConnectionError('<urllib3.connection.HTTPSConnection object at 0x76a854a8bb00>: Failed to establish a new connection: [Errno 113] No route to host'))
2025-10-01 23:19:07,999 - INFO - -> - ⏳ COMPFEST17{29}: QUEUED HTTPSConnectionPool(host='api.ctf-compfest.com', port=443): Max retries exceeded with url: /api/v2/submit (Caused by NewConnectionError('<urllib3.connection.HTTPSConnection object at 0x76a854a8bb00>: Failed to establish a new connection: [Errno 113] No route to host'))
2025-10-01 23:19:07,999 - INFO - -> - ⏳ COMPFEST17{05}: QUEUED HTTPSConnectionPool(host='api.ctf-compfest.com', port=443): Max retries exceeded with url: /api/v2/submit (Caused by NewConnectionError('<urllib3.connection.HTTPSConnection object at 0x76a854a8bb00>: Failed to establish a new connection: [Errno 113] No route to host'))
2025-10-01 23:19:07,999 - INFO - -> - ⏳ COMPFEST17{19}: QUEUED HTTPSConnectionPool(host='api.ctf-compfest.com', port=443): Max retries exceeded with url: /api/v2/submit (Caused by NewConnectionError('<urllib3.connection.HTTPSConnection object at 0x76a854a8bb00>: Failed to establish a new connection: [Errno 113] No route to host'))
2025-10-01 23:19:07,999 - INFO - -> - ⏳ COMPFEST17{27}: QUEUED HTTPSConnectionPool(host='api.ctf-compfest.com', port=443): Max retries exceeded with url: /api/v2/submit (Caused by NewConnectionError('<urllib3.connection.HTTPSConnection object at 0x76a854a8bb00>: Failed to establish a new connection: [Errno 113] No route to host'))
2025-10-01 23:19:07,999 - INFO - -> - ⏳ COMPFEST17{17}: QUEUED HTTPSConnectionPool(host='api.ctf-compfest.com', port=443): Max retries exceeded with url: /api/v2/submit (Caused by NewConnectionError('<urllib3.connection.HTTPSConnection object at 0x76a854a8bb00>: Failed to establish a new connection: [Errno 113] No route to host'))
2025-10-01 23:19:07,999 - INFO - -> - ⏳ COMPFEST17{25}: QUEUED HTTPSConnectionPool(host='api.ctf-compfest.com', port=443): Max retries exceeded with url: /api/v2/submit (Caused by NewConnectionError('<urllib3.connection.HTTPSConnection object at 0x76a854a8bb00>: Failed to establish a new connection: [Errno 113] No route to host'))
2025-10-01 23:19:07,999 - INFO - -> - ⏳ COMPFEST17{15}: QUEUED HTTPSConnectionPool(host='api.ctf-compfest.com', port=443): Max retries exceeded with url: /api/v2/submit (Caused by NewConnectionError('<urllib3.connection.HTTPSConnection object at 0x76a854a8bb00>: Failed to establish a new connection: [Errno 113] No route to host'))
2025-10-01 23:19:07,999 - INFO - -> - ⏳ COMPFEST17{03}: QUEUED HTTPSConnectionPool(host='api.ctf-compfest.com', port=443): Max retries exceeded with url: /api/v2/submit (Caused by NewConnectionError('<urllib3.connection.HTTPSConnection object at 0x76a854a8bb00>: Failed to establish a new connection: [Errno 113] No route to host'))
2025-10-01 23:19:07,999 - INFO - -> - Submission Summary: accepted=0 rejected=0 queued=15
2025-10-01 23:19:08,000 - INFO - -> - Cycle finished; sleeping 26s
2025-10-01 23:19:21,246 - INFO - -> - Starting enhanced runner: per-solver threads ALWAYS on. Per-solver concurrent attacks=True
2025-10-01 23:19:21,303 - INFO - -> - Initialized SQLite DB for flags
2025-10-01 23:19:21,314 - INFO - -> - Starting full-run cycle: signaling all solver threads to run
2025-10-01 23:19:21,316 - INFO - -> - Solver thread started for test.py
2025-10-01 23:19:21,316 - INFO - -> - Signaled 1 solver threads this cycle
2025-10-01 23:19:21,317 - INFO - -> - Watcher started, initial solvers=1
2025-10-01 23:19:21,319 - DEBUG - -> - Skipping already in-progress test.py -> Team #6-11
2025-10-01 23:19:21,319 - DEBUG - -> - Skipping already in-progress test.py -> Team #9-17
2025-10-01 23:19:21,320 - DEBUG - -> - Skipping already in-progress test.py -> Team #11-21
2025-10-01 23:19:21,320 - DEBUG - -> - Skipping already in-progress test.py -> Team #8-15
2025-10-01 23:19:21,320 - DEBUG - -> - Skipping already in-progress test.py -> Team #14-27
2025-10-01 23:19:21,320 - DEBUG - -> - Skipping already in-progress test.py -> Team #15-29
2025-10-01 23:19:21,320 - DEBUG - -> - Skipping already in-progress test.py -> Team #4-07
2025-10-01 23:19:21,320 - DEBUG - -> - Skipping already in-progress test.py -> Team #7-13
2025-10-01 23:19:21,320 - DEBUG - -> - Skipping already in-progress test.py -> Team #3-05
2025-10-01 23:19:21,320 - DEBUG - -> - Skipping already in-progress test.py -> Team #10-19
2025-10-01 23:19:21,320 - DEBUG - -> - Skipping already in-progress test.py -> Team #12-23
2025-10-01 23:19:21,320 - DEBUG - -> - Skipping already in-progress test.py -> Team #5-09
2025-10-01 23:19:21,320 - DEBUG - -> - Skipping already in-progress test.py -> Team #13-25
2025-10-01 23:19:21,320 - DEBUG - -> - Skipping already in-progress test.py -> Team #2-03
2025-10-01 23:19:21,320 - DEBUG - -> - Skipping already in-progress test.py -> Team #1-01
2025-10-01 23:19:21,354 - INFO - -> - 🏁 [test -> Team #15-29] Found 1 flag(s)
2025-10-01 23:19:21,363 - INFO - -> - 🏁 [test -> Team #12-23] Found 1 flag(s)
2025-10-01 23:19:21,374 - DEBUG - -> - Skipping duplicate pending flag: COMPFEST17{29}
2025-10-01 23:19:21,375 - DEBUG - -> - Skipping duplicate pending flag: COMPFEST17{23}
2025-10-01 23:19:21,391 - INFO - -> - 🏁 [test -> Team #7-13] Found 1 flag(s)
2025-10-01 23:19:21,392 - DEBUG - -> - Skipping duplicate pending flag: COMPFEST17{13}
2025-10-01 23:19:21,396 - INFO - -> - 🏁 [test -> Team #2-03] Found 1 flag(s)
2025-10-01 23:19:21,396 - DEBUG - -> - Skipping duplicate pending flag: COMPFEST17{03}
2025-10-01 23:19:21,407 - INFO - -> - 🏁 [test -> Team #5-09] Found 1 flag(s)
2025-10-01 23:19:21,407 - DEBUG - -> - Skipping duplicate pending flag: COMPFEST17{09}
2025-10-01 23:19:21,415 - INFO - -> - 🏁 [test -> Team #13-25] Found 1 flag(s)
2025-10-01 23:19:21,415 - DEBUG - -> - Skipping duplicate pending flag: COMPFEST17{25}
2025-10-01 23:19:21,424 - INFO - -> - 🏁 [test -> Team #11-21] Found 1 flag(s)
2025-10-01 23:19:21,424 - DEBUG - -> - Skipping duplicate pending flag: COMPFEST17{21}
2025-10-01 23:19:21,430 - INFO - -> - 🏁 [test -> Team #9-17] Found 1 flag(s)
2025-10-01 23:19:21,430 - DEBUG - -> - Skipping duplicate pending flag: COMPFEST17{17}
2025-10-01 23:19:21,441 - INFO - -> - 🏁 [test -> Team #14-27] Found 1 flag(s)
2025-10-01 23:19:21,441 - DEBUG - -> - Skipping duplicate pending flag: COMPFEST17{27}
2025-10-01 23:19:21,447 - INFO - -> - 🏁 [test -> Team #1-01] Found 1 flag(s)
2025-10-01 23:19:21,447 - DEBUG - -> - Skipping duplicate pending flag: COMPFEST17{01}
2025-10-01 23:19:21,456 - INFO - -> - 🏁 [test -> Team #3-05] Found 1 flag(s)
2025-10-01 23:19:21,457 - DEBUG - -> - Skipping duplicate pending flag: COMPFEST17{05}
2025-10-01 23:19:21,462 - INFO - -> - 🏁 [test -> Team #6-11] Found 1 flag(s)
2025-10-01 23:19:21,462 - DEBUG - -> - Skipping duplicate pending flag: COMPFEST17{11}
2025-10-01 23:19:21,471 - INFO - -> - 🏁 [test -> Team #4-07] Found 1 flag(s)
2025-10-01 23:19:21,472 - DEBUG - -> - Skipping duplicate pending flag: COMPFEST17{07}
2025-10-01 23:19:21,479 - INFO - -> - 🏁 [test -> Team #8-15] Found 1 flag(s)
2025-10-01 23:19:21,479 - DEBUG - -> - Skipping duplicate pending flag: COMPFEST17{15}
2025-10-01 23:19:21,487 - INFO - -> - 🏁 [test -> Team #10-19] Found 1 flag(s)
2025-10-01 23:19:21,487 - DEBUG - -> - Skipping duplicate pending flag: COMPFEST17{19}
2025-10-01 23:19:21,817 - INFO - -> - 📤 Candidates for submission (15)
2025-10-01 23:19:21,818 - INFO - -> - 📤 Selected to submit (15)
2025-10-01 23:19:24,895 - INFO - -> - ⏳ COMPFEST17{19}: QUEUED HTTPSConnectionPool(host='api.ctf-compfest.com', port=443): Max retries exceeded with url: /api/v2/submit (Caused by NewConnectionError('<urllib3.connection.HTTPSConnection object at 0x7bff04482570>: Failed to establish a new connection: [Errno 113] No route to host'))
2025-10-01 23:19:24,896 - INFO - -> - ⏳ COMPFEST17{21}: QUEUED HTTPSConnectionPool(host='api.ctf-compfest.com', port=443): Max retries exceeded with url: /api/v2/submit (Caused by NewConnectionError('<urllib3.connection.HTTPSConnection object at 0x7bff04482570>: Failed to establish a new connection: [Errno 113] No route to host'))
2025-10-01 23:19:24,896 - INFO - -> - ⏳ COMPFEST17{07}: QUEUED HTTPSConnectionPool(host='api.ctf-compfest.com', port=443): Max retries exceeded with url: /api/v2/submit (Caused by NewConnectionError('<urllib3.connection.HTTPSConnection object at 0x7bff04482570>: Failed to establish a new connection: [Errno 113] No route to host'))
2025-10-01 23:19:24,896 - INFO - -> - ⏳ COMPFEST17{29}: QUEUED HTTPSConnectionPool(host='api.ctf-compfest.com', port=443): Max retries exceeded with url: /api/v2/submit (Caused by NewConnectionError('<urllib3.connection.HTTPSConnection object at 0x7bff04482570>: Failed to establish a new connection: [Errno 113] No route to host'))
2025-10-01 23:19:24,896 - INFO - -> - ⏳ COMPFEST17{11}: QUEUED HTTPSConnectionPool(host='api.ctf-compfest.com', port=443): Max retries exceeded with url: /api/v2/submit (Caused by NewConnectionError('<urllib3.connection.HTTPSConnection object at 0x7bff04482570>: Failed to establish a new connection: [Errno 113] No route to host'))
2025-10-01 23:19:24,896 - INFO - -> - ⏳ COMPFEST17{23}: QUEUED HTTPSConnectionPool(host='api.ctf-compfest.com', port=443): Max retries exceeded with url: /api/v2/submit (Caused by NewConnectionError('<urllib3.connection.HTTPSConnection object at 0x7bff04482570>: Failed to establish a new connection: [Errno 113] No route to host'))
2025-10-01 23:19:24,896 - INFO - -> - ⏳ COMPFEST17{17}: QUEUED HTTPSConnectionPool(host='api.ctf-compfest.com', port=443): Max retries exceeded with url: /api/v2/submit (Caused by NewConnectionError('<urllib3.connection.HTTPSConnection object at 0x7bff04482570>: Failed to establish a new connection: [Errno 113] No route to host'))
2025-10-01 23:19:24,896 - INFO - -> - ⏳ COMPFEST17{13}: QUEUED HTTPSConnectionPool(host='api.ctf-compfest.com', port=443): Max retries exceeded with url: /api/v2/submit (Caused by NewConnectionError('<urllib3.connection.HTTPSConnection object at 0x7bff04482570>: Failed to establish a new connection: [Errno 113] No route to host'))
2025-10-01 23:19:24,896 - INFO - -> - ⏳ COMPFEST17{25}: QUEUED HTTPSConnectionPool(host='api.ctf-compfest.com', port=443): Max retries exceeded with url: /api/v2/submit (Caused by NewConnectionError('<urllib3.connection.HTTPSConnection object at 0x7bff04482570>: Failed to establish a new connection: [Errno 113] No route to host'))
2025-10-01 23:19:24,896 - INFO - -> - ⏳ COMPFEST17{05}: QUEUED HTTPSConnectionPool(host='api.ctf-compfest.com', port=443): Max retries exceeded with url: /api/v2/submit (Caused by NewConnectionError('<urllib3.connection.HTTPSConnection object at 0x7bff04482570>: Failed to establish a new connection: [Errno 113] No route to host'))
2025-10-01 23:19:24,896 - INFO - -> - ⏳ COMPFEST17{15}: QUEUED HTTPSConnectionPool(host='api.ctf-compfest.com', port=443): Max retries exceeded with url: /api/v2/submit (Caused by NewConnectionError('<urllib3.connection.HTTPSConnection object at 0x7bff04482570>: Failed to establish a new connection: [Errno 113] No route to host'))
2025-10-01 23:19:24,896 - INFO - -> - ⏳ COMPFEST17{09}: QUEUED HTTPSConnectionPool(host='api.ctf-compfest.com', port=443): Max retries exceeded with url: /api/v2/submit (Caused by NewConnectionError('<urllib3.connection.HTTPSConnection object at 0x7bff04482570>: Failed to establish a new connection: [Errno 113] No route to host'))
2025-10-01 23:19:24,896 - INFO - -> - ⏳ COMPFEST17{03}: QUEUED HTTPSConnectionPool(host='api.ctf-compfest.com', port=443): Max retries exceeded with url: /api/v2/submit (Caused by NewConnectionError('<urllib3.connection.HTTPSConnection object at 0x7bff04482570>: Failed to establish a new connection: [Errno 113] No route to host'))
2025-10-01 23:19:24,896 - INFO - -> - ⏳ COMPFEST17{27}: QUEUED HTTPSConnectionPool(host='api.ctf-compfest.com', port=443): Max retries exceeded with url: /api/v2/submit (Caused by NewConnectionError('<urllib3.connection.HTTPSConnection object at 0x7bff04482570>: Failed to establish a new connection: [Errno 113] No route to host'))
2025-10-01 23:19:24,896 - INFO - -> - ⏳ COMPFEST17{01}: QUEUED HTTPSConnectionPool(host='api.ctf-compfest.com', port=443): Max retries exceeded with url: /api/v2/submit (Caused by NewConnectionError('<urllib3.connection.HTTPSConnection object at 0x7bff04482570>: Failed to establish a new connection: [Errno 113] No route to host'))
2025-10-01 23:19:24,896 - INFO - -> - Submission Summary: accepted=0 rejected=0 queued=15
2025-10-01 23:19:24,896 - INFO - -> - Cycle finished; sleeping 26s
2025-10-01 23:19:51,315 - INFO - -> - Starting full-run cycle: signaling all solver threads to run
2025-10-01 23:19:51,316 - INFO - -> - Signaled 1 solver threads this cycle
2025-10-01 23:19:51,332 - INFO - -> - 🏁 [test -> Team #14-27] Found 1 flag(s)
2025-10-01 23:19:51,333 - DEBUG - -> - Skipping duplicate pending flag: COMPFEST17{27}
2025-10-01 23:19:51,339 - INFO - -> - 🏁 [test -> Team #7-13] Found 1 flag(s)
2025-10-01 23:19:51,339 - DEBUG - -> - Skipping duplicate pending flag: COMPFEST17{13}
2025-10-01 23:19:51,348 - INFO - -> - 🏁 [test -> Team #5-09] Found 1 flag(s)
2025-10-01 23:19:51,348 - DEBUG - -> - Skipping duplicate pending flag: COMPFEST17{09}
2025-10-01 23:19:51,356 - INFO - -> - 🏁 [test -> Team #6-11] Found 1 flag(s)
2025-10-01 23:19:51,356 - DEBUG - -> - Skipping duplicate pending flag: COMPFEST17{11}
2025-10-01 23:19:51,363 - INFO - -> - 🏁 [test -> Team #10-19] Found 1 flag(s)
2025-10-01 23:19:51,364 - DEBUG - -> - Skipping duplicate pending flag: COMPFEST17{19}
2025-10-01 23:19:51,372 - INFO - -> - 🏁 [test -> Team #9-17] Found 1 flag(s)
2025-10-01 23:19:51,372 - DEBUG - -> - Skipping duplicate pending flag: COMPFEST17{17}
2025-10-01 23:19:51,379 - INFO - -> - 🏁 [test -> Team #8-15] Found 1 flag(s)
2025-10-01 23:19:51,379 - DEBUG - -> - Skipping duplicate pending flag: COMPFEST17{15}
2025-10-01 23:19:51,389 - INFO - -> - 🏁 [test -> Team #4-07] Found 1 flag(s)
2025-10-01 23:19:51,389 - DEBUG - -> - Skipping duplicate pending flag: COMPFEST17{07}
2025-10-01 23:19:51,395 - INFO - -> - 🏁 [test -> Team #13-25] Found 1 flag(s)
2025-10-01 23:19:51,395 - DEBUG - -> - Skipping duplicate pending flag: COMPFEST17{25}
2025-10-01 23:19:51,405 - INFO - -> - 🏁 [test -> Team #15-29] Found 1 flag(s)
2025-10-01 23:19:51,406 - DEBUG - -> - Skipping duplicate pending flag: COMPFEST17{29}
2025-10-01 23:19:51,410 - INFO - -> - 🏁 [test -> Team #3-05] Found 1 flag(s)
2025-10-01 23:19:51,410 - DEBUG - -> - Skipping duplicate pending flag: COMPFEST17{05}
2025-10-01 23:19:51,421 - INFO - -> - 🏁 [test -> Team #12-23] Found 1 flag(s)
2025-10-01 23:19:51,421 - DEBUG - -> - Skipping duplicate pending flag: COMPFEST17{23}
2025-10-01 23:19:51,426 - INFO - -> - 🏁 [test -> Team #11-21] Found 1 flag(s)
2025-10-01 23:19:51,426 - DEBUG - -> - Skipping duplicate pending flag: COMPFEST17{21}
2025-10-01 23:19:51,436 - INFO - -> - 🏁 [test -> Team #2-03] Found 1 flag(s)
2025-10-01 23:19:51,436 - DEBUG - -> - Skipping duplicate pending flag: COMPFEST17{03}
2025-10-01 23:19:51,441 - INFO - -> - 🏁 [test -> Team #1-01] Found 1 flag(s)
2025-10-01 23:19:51,442 - DEBUG - -> - Skipping duplicate pending flag: COMPFEST17{01}
2025-10-01 23:19:51,816 - INFO - -> - 📤 Candidates for submission (15)
2025-10-01 23:19:51,817 - INFO - -> - 📤 Selected to submit (15)
2025-10-01 23:19:54,911 - INFO - -> - ⏳ COMPFEST17{09}: QUEUED HTTPSConnectionPool(host='api.ctf-compfest.com', port=443): Max retries exceeded with url: /api/v2/submit (Caused by NewConnectionError('<urllib3.connection.HTTPSConnection object at 0x7bff04064320>: Failed to establish a new connection: [Errno 113] No route to host'))
2025-10-01 23:19:54,911 - INFO - -> - ⏳ COMPFEST17{15}: QUEUED HTTPSConnectionPool(host='api.ctf-compfest.com', port=443): Max retries exceeded with url: /api/v2/submit (Caused by NewConnectionError('<urllib3.connection.HTTPSConnection object at 0x7bff04064320>: Failed to establish a new connection: [Errno 113] No route to host'))
2025-10-01 23:19:54,911 - INFO - -> - ⏳ COMPFEST17{17}: QUEUED HTTPSConnectionPool(host='api.ctf-compfest.com', port=443): Max retries exceeded with url: /api/v2/submit (Caused by NewConnectionError('<urllib3.connection.HTTPSConnection object at 0x7bff04064320>: Failed to establish a new connection: [Errno 113] No route to host'))
2025-10-01 23:19:54,911 - INFO - -> - ⏳ COMPFEST17{03}: QUEUED HTTPSConnectionPool(host='api.ctf-compfest.com', port=443): Max retries exceeded with url: /api/v2/submit (Caused by NewConnectionError('<urllib3.connection.HTTPSConnection object at 0x7bff04064320>: Failed to establish a new connection: [Errno 113] No route to host'))
2025-10-01 23:19:54,911 - INFO - -> - ⏳ COMPFEST17{19}: QUEUED HTTPSConnectionPool(host='api.ctf-compfest.com', port=443): Max retries exceeded with url: /api/v2/submit (Caused by NewConnectionError('<urllib3.connection.HTTPSConnection object at 0x7bff04064320>: Failed to establish a new connection: [Errno 113] No route to host'))
2025-10-01 23:19:54,911 - INFO - -> - ⏳ COMPFEST17{21}: QUEUED HTTPSConnectionPool(host='api.ctf-compfest.com', port=443): Max retries exceeded with url: /api/v2/submit (Caused by NewConnectionError('<urllib3.connection.HTTPSConnection object at 0x7bff04064320>: Failed to establish a new connection: [Errno 113] No route to host'))
2025-10-01 23:19:54,911 - INFO - -> - ⏳ COMPFEST17{05}: QUEUED HTTPSConnectionPool(host='api.ctf-compfest.com', port=443): Max retries exceeded with url: /api/v2/submit (Caused by NewConnectionError('<urllib3.connection.HTTPSConnection object at 0x7bff04064320>: Failed to establish a new connection: [Errno 113] No route to host'))
2025-10-01 23:19:54,911 - INFO - -> - ⏳ COMPFEST17{29}: QUEUED HTTPSConnectionPool(host='api.ctf-compfest.com', port=443): Max retries exceeded with url: /api/v2/submit (Caused by NewConnectionError('<urllib3.connection.HTTPSConnection object at 0x7bff04064320>: Failed to establish a new connection: [Errno 113] No route to host'))
2025-10-01 23:19:54,911 - INFO - -> - ⏳ COMPFEST17{27}: QUEUED HTTPSConnectionPool(host='api.ctf-compfest.com', port=443): Max retries exceeded with url: /api/v2/submit (Caused by NewConnectionError('<urllib3.connection.HTTPSConnection object at 0x7bff04064320>: Failed to establish a new connection: [Errno 113] No route to host'))
2025-10-01 23:19:54,912 - INFO - -> - ⏳ COMPFEST17{01}: QUEUED HTTPSConnectionPool(host='api.ctf-compfest.com', port=443): Max retries exceeded with url: /api/v2/submit (Caused by NewConnectionError('<urllib3.connection.HTTPSConnection object at 0x7bff04064320>: Failed to establish a new connection: [Errno 113] No route to host'))
2025-10-01 23:19:54,912 - INFO - -> - ⏳ COMPFEST17{23}: QUEUED HTTPSConnectionPool(host='api.ctf-compfest.com', port=443): Max retries exceeded with url: /api/v2/submit (Caused by NewConnectionError('<urllib3.connection.HTTPSConnection object at 0x7bff04064320>: Failed to establish a new connection: [Errno 113] No route to host'))
2025-10-01 23:19:54,912 - INFO - -> - ⏳ COMPFEST17{13}: QUEUED HTTPSConnectionPool(host='api.ctf-compfest.com', port=443): Max retries exceeded with url: /api/v2/submit (Caused by NewConnectionError('<urllib3.connection.HTTPSConnection object at 0x7bff04064320>: Failed to establish a new connection: [Errno 113] No route to host'))
2025-10-01 23:19:54,912 - INFO - -> - ⏳ COMPFEST17{11}: QUEUED HTTPSConnectionPool(host='api.ctf-compfest.com', port=443): Max retries exceeded with url: /api/v2/submit (Caused by NewConnectionError('<urllib3.connection.HTTPSConnection object at 0x7bff04064320>: Failed to establish a new connection: [Errno 113] No route to host'))
2025-10-01 23:19:54,912 - INFO - -> - ⏳ COMPFEST17{25}: QUEUED HTTPSConnectionPool(host='api.ctf-compfest.com', port=443): Max retries exceeded with url: /api/v2/submit (Caused by NewConnectionError('<urllib3.connection.HTTPSConnection object at 0x7bff04064320>: Failed to establish a new connection: [Errno 113] No route to host'))
2025-10-01 23:19:54,912 - INFO - -> - ⏳ COMPFEST17{07}: QUEUED HTTPSConnectionPool(host='api.ctf-compfest.com', port=443): Max retries exceeded with url: /api/v2/submit (Caused by NewConnectionError('<urllib3.connection.HTTPSConnection object at 0x7bff04064320>: Failed to establish a new connection: [Errno 113] No route to host'))
2025-10-01 23:19:54,912 - INFO - -> - Submission Summary: accepted=0 rejected=0 queued=15
2025-10-01 23:19:54,912 - INFO - -> - Cycle finished; sleeping 26s
2025-10-01 23:20:21,315 - INFO - -> - Starting full-run cycle: signaling all solver threads to run
2025-10-01 23:20:21,316 - INFO - -> - Signaled 1 solver threads this cycle
2025-10-01 23:20:21,333 - INFO - -> - 🏁 [test -> Team #5-09] Found 1 flag(s)
2025-10-01 23:20:21,333 - DEBUG - -> - Skipping duplicate pending flag: COMPFEST17{09}
2025-10-01 23:20:21,333 - INFO - -> - 🏁 [test -> Team #7-13] Found 1 flag(s)
2025-10-01 23:20:21,334 - DEBUG - -> - Skipping duplicate pending flag: COMPFEST17{13}
2025-10-01 23:20:21,349 - INFO - -> - 🏁 [test -> Team #15-29] Found 1 flag(s)
2025-10-01 23:20:21,349 - DEBUG - -> - Skipping duplicate pending flag: COMPFEST17{29}
2025-10-01 23:20:21,350 - INFO - -> - 🏁 [test -> Team #13-25] Found 1 flag(s)
2025-10-01 23:20:21,350 - DEBUG - -> - Skipping duplicate pending flag: COMPFEST17{25}
2025-10-01 23:20:21,364 - INFO - -> - 🏁 [test -> Team #9-17] Found 1 flag(s)
2025-10-01 23:20:21,364 - DEBUG - -> - Skipping duplicate pending flag: COMPFEST17{17}
2025-10-01 23:20:21,366 - INFO - -> - 🏁 [test -> Team #8-15] Found 1 flag(s)
2025-10-01 23:20:21,366 - DEBUG - -> - Skipping duplicate pending flag: COMPFEST17{15}
2025-10-01 23:20:21,380 - INFO - -> - 🏁 [test -> Team #12-23] Found 1 flag(s)
2025-10-01 23:20:21,380 - DEBUG - -> - Skipping duplicate pending flag: COMPFEST17{23}
2025-10-01 23:20:21,381 - INFO - -> - 🏁 [test -> Team #4-07] Found 1 flag(s)
2025-10-01 23:20:21,381 - DEBUG - -> - Skipping duplicate pending flag: COMPFEST17{07}
2025-10-01 23:20:21,396 - INFO - -> - 🏁 [test -> Team #2-03] Found 1 flag(s)
2025-10-01 23:20:21,396 - INFO - -> - 🏁 [test -> Team #1-01] Found 1 flag(s)
2025-10-01 23:20:21,396 - DEBUG - -> - Skipping duplicate pending flag: COMPFEST17{03}
2025-10-01 23:20:21,397 - DEBUG - -> - Skipping duplicate pending flag: COMPFEST17{01}
2025-10-01 23:20:21,412 - INFO - -> - 🏁 [test -> Team #6-11] Found 1 flag(s)
2025-10-01 23:20:21,412 - DEBUG - -> - Skipping duplicate pending flag: COMPFEST17{11}
2025-10-01 23:20:21,413 - INFO - -> - 🏁 [test -> Team #14-27] Found 1 flag(s)
2025-10-01 23:20:21,413 - DEBUG - -> - Skipping duplicate pending flag: COMPFEST17{27}
2025-10-01 23:20:21,427 - INFO - -> - 🏁 [test -> Team #11-21] Found 1 flag(s)
2025-10-01 23:20:21,427 - DEBUG - -> - Skipping duplicate pending flag: COMPFEST17{21}
2025-10-01 23:20:21,429 - INFO - -> - 🏁 [test -> Team #3-05] Found 1 flag(s)
2025-10-01 23:20:21,430 - DEBUG - -> - Skipping duplicate pending flag: COMPFEST17{05}
2025-10-01 23:20:21,443 - INFO - -> - 🏁 [test -> Team #10-19] Found 1 flag(s)
2025-10-01 23:20:21,443 - DEBUG - -> - Skipping duplicate pending flag: COMPFEST17{19}
2025-10-01 23:20:21,816 - INFO - -> - 📤 Candidates for submission (15)
2025-10-01 23:20:21,817 - INFO - -> - 📤 Selected to submit (15)
2025-10-01 23:20:24,927 - INFO - -> - ⏳ COMPFEST17{13}: QUEUED HTTPSConnectionPool(host='api.ctf-compfest.com', port=443): Max retries exceeded with url: /api/v2/submit (Caused by NewConnectionError('<urllib3.connection.HTTPSConnection object at 0x7bff0429cd70>: Failed to establish a new connection: [Errno 113] No route to host'))
2025-10-01 23:20:24,927 - INFO - -> - ⏳ COMPFEST17{21}: QUEUED HTTPSConnectionPool(host='api.ctf-compfest.com', port=443): Max retries exceeded with url: /api/v2/submit (Caused by NewConnectionError('<urllib3.connection.HTTPSConnection object at 0x7bff0429cd70>: Failed to establish a new connection: [Errno 113] No route to host'))
2025-10-01 23:20:24,927 - INFO - -> - ⏳ COMPFEST17{19}: QUEUED HTTPSConnectionPool(host='api.ctf-compfest.com', port=443): Max retries exceeded with url: /api/v2/submit (Caused by NewConnectionError('<urllib3.connection.HTTPSConnection object at 0x7bff0429cd70>: Failed to establish a new connection: [Errno 113] No route to host'))
2025-10-01 23:20:24,927 - INFO - -> - ⏳ COMPFEST17{15}: QUEUED HTTPSConnectionPool(host='api.ctf-compfest.com', port=443): Max retries exceeded with url: /api/v2/submit (Caused by NewConnectionError('<urllib3.connection.HTTPSConnection object at 0x7bff0429cd70>: Failed to establish a new connection: [Errno 113] No route to host'))
2025-10-01 23:20:24,927 - INFO - -> - ⏳ COMPFEST17{27}: QUEUED HTTPSConnectionPool(host='api.ctf-compfest.com', port=443): Max retries exceeded with url: /api/v2/submit (Caused by NewConnectionError('<urllib3.connection.HTTPSConnection object at 0x7bff0429cd70>: Failed to establish a new connection: [Errno 113] No route to host'))
2025-10-01 23:20:24,927 - INFO - -> - ⏳ COMPFEST17{11}: QUEUED HTTPSConnectionPool(host='api.ctf-compfest.com', port=443): Max retries exceeded with url: /api/v2/submit (Caused by NewConnectionError('<urllib3.connection.HTTPSConnection object at 0x7bff0429cd70>: Failed to establish a new connection: [Errno 113] No route to host'))
2025-10-01 23:20:24,927 - INFO - -> - ⏳ COMPFEST17{29}: QUEUED HTTPSConnectionPool(host='api.ctf-compfest.com', port=443): Max retries exceeded with url: /api/v2/submit (Caused by NewConnectionError('<urllib3.connection.HTTPSConnection object at 0x7bff0429cd70>: Failed to establish a new connection: [Errno 113] No route to host'))
2025-10-01 23:20:24,927 - INFO - -> - ⏳ COMPFEST17{09}: QUEUED HTTPSConnectionPool(host='api.ctf-compfest.com', port=443): Max retries exceeded with url: /api/v2/submit (Caused by NewConnectionError('<urllib3.connection.HTTPSConnection object at 0x7bff0429cd70>: Failed to establish a new connection: [Errno 113] No route to host'))
2025-10-01 23:20:24,927 - INFO - -> - ⏳ COMPFEST17{07}: QUEUED HTTPSConnectionPool(host='api.ctf-compfest.com', port=443): Max retries exceeded with url: /api/v2/submit (Caused by NewConnectionError('<urllib3.connection.HTTPSConnection object at 0x7bff0429cd70>: Failed to establish a new connection: [Errno 113] No route to host'))
2025-10-01 23:20:24,927 - INFO - -> - ⏳ COMPFEST17{05}: QUEUED HTTPSConnectionPool(host='api.ctf-compfest.com', port=443): Max retries exceeded with url: /api/v2/submit (Caused by NewConnectionError('<urllib3.connection.HTTPSConnection object at 0x7bff0429cd70>: Failed to establish a new connection: [Errno 113] No route to host'))
2025-10-01 23:20:24,927 - INFO - -> - ⏳ COMPFEST17{01}: QUEUED HTTPSConnectionPool(host='api.ctf-compfest.com', port=443): Max retries exceeded with url: /api/v2/submit (Caused by NewConnectionError('<urllib3.connection.HTTPSConnection object at 0x7bff0429cd70>: Failed to establish a new connection: [Errno 113] No route to host'))
2025-10-01 23:20:24,927 - INFO - -> - ⏳ COMPFEST17{23}: QUEUED HTTPSConnectionPool(host='api.ctf-compfest.com', port=443): Max retries exceeded with url: /api/v2/submit (Caused by NewConnectionError('<urllib3.connection.HTTPSConnection object at 0x7bff0429cd70>: Failed to establish a new connection: [Errno 113] No route to host'))
2025-10-01 23:20:24,927 - INFO - -> - ⏳ COMPFEST17{17}: QUEUED HTTPSConnectionPool(host='api.ctf-compfest.com', port=443): Max retries exceeded with url: /api/v2/submit (Caused by NewConnectionError('<urllib3.connection.HTTPSConnection object at 0x7bff0429cd70>: Failed to establish a new connection: [Errno 113] No route to host'))
2025-10-01 23:20:24,928 - INFO - -> - ⏳ COMPFEST17{25}: QUEUED HTTPSConnectionPool(host='api.ctf-compfest.com', port=443): Max retries exceeded with url: /api/v2/submit (Caused by NewConnectionError('<urllib3.connection.HTTPSConnection object at 0x7bff0429cd70>: Failed to establish a new connection: [Errno 113] No route to host'))
2025-10-01 23:20:24,928 - INFO - -> - ⏳ COMPFEST17{03}: QUEUED HTTPSConnectionPool(host='api.ctf-compfest.com', port=443): Max retries exceeded with url: /api/v2/submit (Caused by NewConnectionError('<urllib3.connection.HTTPSConnection object at 0x7bff0429cd70>: Failed to establish a new connection: [Errno 113] No route to host'))
2025-10-01 23:20:24,928 - INFO - -> - Submission Summary: accepted=0 rejected=0 queued=15
2025-10-01 23:20:24,928 - INFO - -> - Cycle finished; sleeping 26s
2025-10-01 23:20:51,315 - INFO - -> - Starting full-run cycle: signaling all solver threads to run
2025-10-01 23:20:51,316 - INFO - -> - Signaled 1 solver threads this cycle
2025-10-01 23:20:51,338 - INFO - -> - 🏁 [test -> Team #9-17] Found 1 flag(s)
2025-10-01 23:20:51,338 - DEBUG - -> - Skipping duplicate pending flag: COMPFEST17{17}
2025-10-01 23:20:51,339 - INFO - -> - 🏁 [test -> Team #6-11] Found 1 flag(s)
2025-10-01 23:20:51,339 - DEBUG - -> - Skipping duplicate pending flag: COMPFEST17{11}
2025-10-01 23:20:51,354 - INFO - -> - 🏁 [test -> Team #7-13] Found 1 flag(s)
2025-10-01 23:20:51,354 - DEBUG - -> - Skipping duplicate pending flag: COMPFEST17{13}
2025-10-01 23:20:51,358 - INFO - -> - 🏁 [test -> Team #2-03] Found 1 flag(s)
2025-10-01 23:20:51,358 - DEBUG - -> - Skipping duplicate pending flag: COMPFEST17{03}
2025-10-01 23:20:51,372 - INFO - -> - 🏁 [test -> Team #5-09] Found 1 flag(s)
2025-10-01 23:20:51,372 - DEBUG - -> - Skipping duplicate pending flag: COMPFEST17{09}
2025-10-01 23:20:51,373 - INFO - -> - 🏁 [test -> Team #4-07] Found 1 flag(s)
2025-10-01 23:20:51,373 - DEBUG - -> - Skipping duplicate pending flag: COMPFEST17{07}
2025-10-01 23:20:51,387 - INFO - -> - 🏁 [test -> Team #3-05] Found 1 flag(s)
2025-10-01 23:20:51,388 - DEBUG - -> - Skipping duplicate pending flag: COMPFEST17{05}
2025-10-01 23:20:51,389 - INFO - -> - 🏁 [test -> Team #12-23] Found 1 flag(s)
2025-10-01 23:20:51,389 - DEBUG - -> - Skipping duplicate pending flag: COMPFEST17{23}
2025-10-01 23:20:51,403 - INFO - -> - 🏁 [test -> Team #11-21] Found 1 flag(s)
2025-10-01 23:20:51,403 - DEBUG - -> - Skipping duplicate pending flag: COMPFEST17{21}
2025-10-01 23:20:51,404 - INFO - -> - 🏁 [test -> Team #13-25] Found 1 flag(s)
2025-10-01 23:20:51,404 - DEBUG - -> - Skipping duplicate pending flag: COMPFEST17{25}
2025-10-01 23:20:51,419 - INFO - -> - 🏁 [test -> Team #8-15] Found 1 flag(s)
2025-10-01 23:20:51,419 - DEBUG - -> - Skipping duplicate pending flag: COMPFEST17{15}
2025-10-01 23:20:51,420 - INFO - -> - 🏁 [test -> Team #1-01] Found 1 flag(s)
2025-10-01 23:20:51,420 - DEBUG - -> - Skipping duplicate pending flag: COMPFEST17{01}
2025-10-01 23:20:51,435 - INFO - -> - 🏁 [test -> Team #14-27] Found 1 flag(s)
2025-10-01 23:20:51,435 - DEBUG - -> - Skipping duplicate pending flag: COMPFEST17{27}
2025-10-01 23:20:51,436 - INFO - -> - 🏁 [test -> Team #15-29] Found 1 flag(s)
2025-10-01 23:20:51,436 - DEBUG - -> - Skipping duplicate pending flag: COMPFEST17{29}
2025-10-01 23:20:51,450 - INFO - -> - 🏁 [test -> Team #10-19] Found 1 flag(s)
2025-10-01 23:20:51,451 - DEBUG - -> - Skipping duplicate pending flag: COMPFEST17{19}
2025-10-01 23:20:51,816 - INFO - -> - 📤 Candidates for submission (15)
2025-10-01 23:20:51,817 - INFO - -> - 📤 Selected to submit (15)
2025-10-01 23:20:54,879 - INFO - -> - ⏳ COMPFEST17{23}: QUEUED HTTPSConnectionPool(host='api.ctf-compfest.com', port=443): Max retries exceeded with url: /api/v2/submit (Caused by NewConnectionError('<urllib3.connection.HTTPSConnection object at 0x7bfef461d790>: Failed to establish a new connection: [Errno 113] No route to host'))
2025-10-01 23:20:54,879 - INFO - -> - ⏳ COMPFEST17{13}: QUEUED HTTPSConnectionPool(host='api.ctf-compfest.com', port=443): Max retries exceeded with url: /api/v2/submit (Caused by NewConnectionError('<urllib3.connection.HTTPSConnection object at 0x7bfef461d790>: Failed to establish a new connection: [Errno 113] No route to host'))
2025-10-01 23:20:54,879 - INFO - -> - ⏳ COMPFEST17{09}: QUEUED HTTPSConnectionPool(host='api.ctf-compfest.com', port=443): Max retries exceeded with url: /api/v2/submit (Caused by NewConnectionError('<urllib3.connection.HTTPSConnection object at 0x7bfef461d790>: Failed to establish a new connection: [Errno 113] No route to host'))
2025-10-01 23:20:54,879 - INFO - -> - ⏳ COMPFEST17{27}: QUEUED HTTPSConnectionPool(host='api.ctf-compfest.com', port=443): Max retries exceeded with url: /api/v2/submit (Caused by NewConnectionError('<urllib3.connection.HTTPSConnection object at 0x7bfef461d790>: Failed to establish a new connection: [Errno 113] No route to host'))
2025-10-01 23:20:54,879 - INFO - -> - ⏳ COMPFEST17{01}: QUEUED HTTPSConnectionPool(host='api.ctf-compfest.com', port=443): Max retries exceeded with url: /api/v2/submit (Caused by NewConnectionError('<urllib3.connection.HTTPSConnection object at 0x7bfef461d790>: Failed to establish a new connection: [Errno 113] No route to host'))
2025-10-01 23:20:54,879 - INFO - -> - ⏳ COMPFEST17{19}: QUEUED HTTPSConnectionPool(host='api.ctf-compfest.com', port=443): Max retries exceeded with url: /api/v2/submit (Caused by NewConnectionError('<urllib3.connection.HTTPSConnection object at 0x7bfef461d790>: Failed to establish a new connection: [Errno 113] No route to host'))
2025-10-01 23:20:54,879 - INFO - -> - ⏳ COMPFEST17{29}: QUEUED HTTPSConnectionPool(host='api.ctf-compfest.com', port=443): Max retries exceeded with url: /api/v2/submit (Caused by NewConnectionError('<urllib3.connection.HTTPSConnection object at 0x7bfef461d790>: Failed to establish a new connection: [Errno 113] No route to host'))
2025-10-01 23:20:54,879 - INFO - -> - ⏳ COMPFEST17{11}: QUEUED HTTPSConnectionPool(host='api.ctf-compfest.com', port=443): Max retries exceeded with url: /api/v2/submit (Caused by NewConnectionError('<urllib3.connection.HTTPSConnection object at 0x7bfef461d790>: Failed to establish a new connection: [Errno 113] No route to host'))
2025-10-01 23:20:54,879 - INFO - -> - ⏳ COMPFEST17{17}: QUEUED HTTPSConnectionPool(host='api.ctf-compfest.com', port=443): Max retries exceeded with url: /api/v2/submit (Caused by NewConnectionError('<urllib3.connection.HTTPSConnection object at 0x7bfef461d790>: Failed to establish a new connection: [Errno 113] No route to host'))
2025-10-01 23:20:54,879 - INFO - -> - ⏳ COMPFEST17{07}: QUEUED HTTPSConnectionPool(host='api.ctf-compfest.com', port=443): Max retries exceeded with url: /api/v2/submit (Caused by NewConnectionError('<urllib3.connection.HTTPSConnection object at 0x7bfef461d790>: Failed to establish a new connection: [Errno 113] No route to host'))
2025-10-01 23:20:54,879 - INFO - -> - ⏳ COMPFEST17{05}: QUEUED HTTPSConnectionPool(host='api.ctf-compfest.com', port=443): Max retries exceeded with url: /api/v2/submit (Caused by NewConnectionError('<urllib3.connection.HTTPSConnection object at 0x7bfef461d790>: Failed to establish a new connection: [Errno 113] No route to host'))
2025-10-01 23:20:54,879 - INFO - -> - ⏳ COMPFEST17{15}: QUEUED HTTPSConnectionPool(host='api.ctf-compfest.com', port=443): Max retries exceeded with url: /api/v2/submit (Caused by NewConnectionError('<urllib3.connection.HTTPSConnection object at 0x7bfef461d790>: Failed to establish a new connection: [Errno 113] No route to host'))
2025-10-01 23:20:54,879 - INFO - -> - ⏳ COMPFEST17{03}: QUEUED HTTPSConnectionPool(host='api.ctf-compfest.com', port=443): Max retries exceeded with url: /api/v2/submit (Caused by NewConnectionError('<urllib3.connection.HTTPSConnection object at 0x7bfef461d790>: Failed to establish a new connection: [Errno 113] No route to host'))
2025-10-01 23:20:54,879 - INFO - -> - ⏳ COMPFEST17{25}: QUEUED HTTPSConnectionPool(host='api.ctf-compfest.com', port=443): Max retries exceeded with url: /api/v2/submit (Caused by NewConnectionError('<urllib3.connection.HTTPSConnection object at 0x7bfef461d790>: Failed to establish a new connection: [Errno 113] No route to host'))
2025-10-01 23:20:54,879 - INFO - -> - ⏳ COMPFEST17{21}: QUEUED HTTPSConnectionPool(host='api.ctf-compfest.com', port=443): Max retries exceeded with url: /api/v2/submit (Caused by NewConnectionError('<urllib3.connection.HTTPSConnection object at 0x7bfef461d790>: Failed to establish a new connection: [Errno 113] No route to host'))
2025-10-01 23:20:54,879 - INFO - -> - Submission Summary: accepted=0 rejected=0 queued=15
2025-10-01 23:20:54,879 - INFO - -> - Cycle finished; sleeping 26s
2025-10-01 23:21:10,784 - [32mINFO[0m - -> - Starting enhanced runner: per-solver threads ALWAYS on. Per-solver concurrent attacks=True
2025-10-01 23:21:10,784 - [32mINFO[0m - -> - Initialized SQLite DB for flags
2025-10-01 23:21:10,785 - [32mINFO[0m - -> - Starting full-run cycle: signaling all solver threads to run
2025-10-01 23:21:10,786 - [32mINFO[0m - -> - Solver thread started for test.py
2025-10-01 23:21:10,786 - [32mINFO[0m - -> - Signaled 1 solver threads this cycle
2025-10-01 23:21:10,788 - [32mINFO[0m - -> - Watcher started, initial solvers=1
2025-10-01 23:21:10,789 - DEBUG - -> - Skipping already in-progress test.py -> Team #7-13
2025-10-01 23:21:10,790 - DEBUG - -> - Skipping already in-progress test.py -> Team #4-07
2025-10-01 23:21:10,791 - DEBUG - -> - Skipping already in-progress test.py -> Team #15-29
2025-10-01 23:21:10,791 - DEBUG - -> - Skipping already in-progress test.py -> Team #8-15
2025-10-01 23:21:10,791 - DEBUG - -> - Skipping already in-progress test.py -> Team #10-19
2025-10-01 23:21:10,791 - DEBUG - -> - Skipping already in-progress test.py -> Team #13-25
2025-10-01 23:21:10,791 - DEBUG - -> - Skipping already in-progress test.py -> Team #3-05
2025-10-01 23:21:10,791 - DEBUG - -> - Skipping already in-progress test.py -> Team #11-21
2025-10-01 23:21:10,791 - DEBUG - -> - Skipping already in-progress test.py -> Team #12-23
2025-10-01 23:21:10,791 - DEBUG - -> - Skipping already in-progress test.py -> Team #9-17
2025-10-01 23:21:10,791 - DEBUG - -> - Skipping already in-progress test.py -> Team #6-11
2025-10-01 23:21:10,791 - DEBUG - -> - Skipping already in-progress test.py -> Team #2-03
2025-10-01 23:21:10,791 - DEBUG - -> - Skipping already in-progress test.py -> Team #14-27
2025-10-01 23:21:10,791 - DEBUG - -> - Skipping already in-progress test.py -> Team #1-01
2025-10-01 23:21:10,791 - DEBUG - -> - Skipping already in-progress test.py -> Team #5-09
2025-10-01 23:21:10,805 - [32mINFO[0m - -> - [35m🏁[0m [1m[test -> Team #12-23][0m Found 1 flag(s): [36mCOMPFEST17{23}[0m
2025-10-01 23:21:10,805 - DEBUG - -> - Skipping duplicate pending flag: COMPFEST17{23}
2025-10-01 23:21:10,805 - [32mINFO[0m - -> - [35m🏁[0m [1m[test -> Team #5-09][0m Found 1 flag(s): [36mCOMPFEST17{09}[0m
2025-10-01 23:21:10,806 - DEBUG - -> - Skipping duplicate pending flag: COMPFEST17{09}
2025-10-01 23:21:10,820 - [32mINFO[0m - -> - [35m🏁[0m [1m[test -> Team #2-03][0m Found 1 flag(s): [36mCOMPFEST17{03}[0m
2025-10-01 23:21:10,821 - DEBUG - -> - Skipping duplicate pending flag: COMPFEST17{03}
2025-10-01 23:21:10,822 - [32mINFO[0m - -> - [35m🏁[0m [1m[test -> Team #3-05][0m Found 1 flag(s): [36mCOMPFEST17{05}[0m
2025-10-01 23:21:10,822 - DEBUG - -> - Skipping duplicate pending flag: COMPFEST17{05}
2025-10-01 23:21:10,836 - [32mINFO[0m - -> - [35m🏁[0m [1m[test -> Team #8-15][0m Found 1 flag(s): [36mCOMPFEST17{15}[0m
2025-10-01 23:21:10,836 - DEBUG - -> - Skipping duplicate pending flag: COMPFEST17{15}
2025-10-01 23:21:10,837 - [32mINFO[0m - -> - [35m🏁[0m [1m[test -> Team #6-11][0m Found 1 flag(s): [36mCOMPFEST17{11}[0m
2025-10-01 23:21:10,837 - DEBUG - -> - Skipping duplicate pending flag: COMPFEST17{11}
2025-10-01 23:21:10,852 - [32mINFO[0m - -> - [35m🏁[0m [1m[test -> Team #13-25][0m Found 1 flag(s): [36mCOMPFEST17{25}[0m
2025-10-01 23:21:10,852 - [32mINFO[0m - -> - [35m🏁[0m [1m[test -> Team #11-21][0m Found 1 flag(s): [36mCOMPFEST17{21}[0m
2025-10-01 23:21:10,852 - DEBUG - -> - Skipping duplicate pending flag: COMPFEST17{25}
2025-10-01 23:21:10,852 - DEBUG - -> - Skipping duplicate pending flag: COMPFEST17{21}
2025-10-01 23:21:10,867 - [32mINFO[0m - -> - [35m🏁[0m [1m[test -> Team #15-29][0m Found 1 flag(s): [36mCOMPFEST17{29}[0m
2025-10-01 23:21:10,867 - DEBUG - -> - Skipping duplicate pending flag: COMPFEST17{29}
2025-10-01 23:21:10,868 - [32mINFO[0m - -> - [35m🏁[0m [1m[test -> Team #9-17][0m Found 1 flag(s): [36mCOMPFEST17{17}[0m
2025-10-01 23:21:10,869 - DEBUG - -> - Skipping duplicate pending flag: COMPFEST17{17}
2025-10-01 23:21:10,882 - [32mINFO[0m - -> - [35m🏁[0m [1m[test -> Team #4-07][0m Found 1 flag(s): [36mCOMPFEST17{07}[0m
2025-10-01 23:21:10,882 - DEBUG - -> - Skipping duplicate pending flag: COMPFEST17{07}
2025-10-01 23:21:10,884 - [32mINFO[0m - -> - [35m🏁[0m [1m[test -> Team #14-27][0m Found 1 flag(s): [36mCOMPFEST17{27}[0m
2025-10-01 23:21:10,884 - DEBUG - -> - Skipping duplicate pending flag: COMPFEST17{27}
2025-10-01 23:21:10,898 - [32mINFO[0m - -> - [35m🏁[0m [1m[test -> Team #1-01][0m Found 1 flag(s): [36mCOMPFEST17{01}[0m
2025-10-01 23:21:10,898 - DEBUG - -> - Skipping duplicate pending flag: COMPFEST17{01}
2025-10-01 23:21:10,898 - [32mINFO[0m - -> - [35m🏁[0m [1m[test -> Team #7-13][0m Found 1 flag(s): [36mCOMPFEST17{13}[0m
2025-10-01 23:21:10,899 - DEBUG - -> - Skipping duplicate pending flag: COMPFEST17{13}
2025-10-01 23:21:10,914 - [32mINFO[0m - -> - [35m🏁[0m [1m[test -> Team #10-19][0m Found 1 flag(s): [36mCOMPFEST17{19}[0m
2025-10-01 23:21:10,914 - DEBUG - -> - Skipping duplicate pending flag: COMPFEST17{19}
2025-10-01 23:21:11,289 - [32mINFO[0m - -> - [33m📤[0m [33mCandidates for submission[0m (15): [36mCOMPFEST17{05}, COMPFEST17{11}, COMPFEST17{19}, COMPFEST17{21}, COMPFEST17{01}, COMPFEST17{23}, COMPFEST17{27}, COMPFEST17{13}, COMPFEST17{29}, COMPFEST17{07}, ...(+5 more)[0m
2025-10-01 23:21:11,289 - [32mINFO[0m - -> - [33m📤[0m [33mSelected to submit[0m (15): [36mCOMPFEST17{13}, COMPFEST17{03}, COMPFEST17{15}, COMPFEST17{27}, COMPFEST17{05}, COMPFEST17{01}, COMPFEST17{17}, COMPFEST17{23}, COMPFEST17{19}, COMPFEST17{09}, ...(+5 more)[0m
2025-10-01 23:21:11,289 - [32mINFO[0m - -> - Submitting 15 flags
2025-10-01 23:21:14,399 - [32mINFO[0m - -> - [33m⏳[0m COMPFEST17{13}: QUEUED HTTPSConnectionPool(host='api.ctf-compfest.com', port=443): Max retries exceeded with url: /api/v2/submit (Caused by NewConnectionError('<urllib3.connection.HTTPSConnection object at 0x786e361a27e0>: Failed to establish a new connection: [Errno 113] No route to host'))
2025-10-01 23:21:14,399 - [32mINFO[0m - -> - [33m⏳[0m COMPFEST17{03}: QUEUED HTTPSConnectionPool(host='api.ctf-compfest.com', port=443): Max retries exceeded with url: /api/v2/submit (Caused by NewConnectionError('<urllib3.connection.HTTPSConnection object at 0x786e361a27e0>: Failed to establish a new connection: [Errno 113] No route to host'))
2025-10-01 23:21:14,400 - [32mINFO[0m - -> - [33m⏳[0m COMPFEST17{15}: QUEUED HTTPSConnectionPool(host='api.ctf-compfest.com', port=443): Max retries exceeded with url: /api/v2/submit (Caused by NewConnectionError('<urllib3.connection.HTTPSConnection object at 0x786e361a27e0>: Failed to establish a new connection: [Errno 113] No route to host'))
2025-10-01 23:21:14,400 - [32mINFO[0m - -> - [33m⏳[0m COMPFEST17{27}: QUEUED HTTPSConnectionPool(host='api.ctf-compfest.com', port=443): Max retries exceeded with url: /api/v2/submit (Caused by NewConnectionError('<urllib3.connection.HTTPSConnection object at 0x786e361a27e0>: Failed to establish a new connection: [Errno 113] No route to host'))
2025-10-01 23:21:14,400 - [32mINFO[0m - -> - [33m⏳[0m COMPFEST17{05}: QUEUED HTTPSConnectionPool(host='api.ctf-compfest.com', port=443): Max retries exceeded with url: /api/v2/submit (Caused by NewConnectionError('<urllib3.connection.HTTPSConnection object at 0x786e361a27e0>: Failed to establish a new connection: [Errno 113] No route to host'))
2025-10-01 23:21:14,400 - [32mINFO[0m - -> - [33m⏳[0m COMPFEST17{01}: QUEUED HTTPSConnectionPool(host='api.ctf-compfest.com', port=443): Max retries exceeded with url: /api/v2/submit (Caused by NewConnectionError('<urllib3.connection.HTTPSConnection object at 0x786e361a27e0>: Failed to establish a new connection: [Errno 113] No route to host'))
2025-10-01 23:21:14,400 - [32mINFO[0m - -> - [33m⏳[0m COMPFEST17{17}: QUEUED HTTPSConnectionPool(host='api.ctf-compfest.com', port=443): Max retries exceeded with url: /api/v2/submit (Caused by NewConnectionError('<urllib3.connection.HTTPSConnection object at 0x786e361a27e0>: Failed to establish a new connection: [Errno 113] No route to host'))
2025-10-01 23:21:14,400 - [32mINFO[0m - -> - [33m⏳[0m COMPFEST17{23}: QUEUED HTTPSConnectionPool(host='api.ctf-compfest.com', port=443): Max retries exceeded with url: /api/v2/submit (Caused by NewConnectionError('<urllib3.connection.HTTPSConnection object at 0x786e361a27e0>: Failed to establish a new connection: [Errno 113] No route to host'))
2025-10-01 23:21:14,400 - [32mINFO[0m - -> - [33m⏳[0m COMPFEST17{19}: QUEUED HTTPSConnectionPool(host='api.ctf-compfest.com', port=443): Max retries exceeded with url: /api/v2/submit (Caused by NewConnectionError('<urllib3.connection.HTTPSConnection object at 0x786e361a27e0>: Failed to establish a new connection: [Errno 113] No route to host'))
2025-10-01 23:21:14,400 - [32mINFO[0m - -> - [33m⏳[0m COMPFEST17{09}: QUEUED HTTPSConnectionPool(host='api.ctf-compfest.com', port=443): Max retries exceeded with url: /api/v2/submit (Caused by NewConnectionError('<urllib3.connection.HTTPSConnection object at 0x786e361a27e0>: Failed to establish a new connection: [Errno 113] No route to host'))
2025-10-01 23:21:14,400 - [32mINFO[0m - -> - [33m⏳[0m COMPFEST17{21}: QUEUED HTTPSConnectionPool(host='api.ctf-compfest.com', port=443): Max retries exceeded with url: /api/v2/submit (Caused by NewConnectionError('<urllib3.connection.HTTPSConnection object at 0x786e361a27e0>: Failed to establish a new connection: [Errno 113] No route to host'))
2025-10-01 23:21:14,400 - [32mINFO[0m - -> - [33m⏳[0m COMPFEST17{07}: QUEUED HTTPSConnectionPool(host='api.ctf-compfest.com', port=443): Max retries exceeded with url: /api/v2/submit (Caused by NewConnectionError('<urllib3.connection.HTTPSConnection object at 0x786e361a27e0>: Failed to establish a new connection: [Errno 113] No route to host'))
2025-10-01 23:21:14,400 - [32mINFO[0m - -> - [33m⏳[0m COMPFEST17{29}: QUEUED HTTPSConnectionPool(host='api.ctf-compfest.com', port=443): Max retries exceeded with url: /api/v2/submit (Caused by NewConnectionError('<urllib3.connection.HTTPSConnection object at 0x786e361a27e0>: Failed to establish a new connection: [Errno 113] No route to host'))
2025-10-01 23:21:14,400 - [32mINFO[0m - -> - [33m⏳[0m COMPFEST17{25}: QUEUED HTTPSConnectionPool(host='api.ctf-compfest.com', port=443): Max retries exceeded with url: /api/v2/submit (Caused by NewConnectionError('<urllib3.connection.HTTPSConnection object at 0x786e361a27e0>: Failed to establish a new connection: [Errno 113] No route to host'))
2025-10-01 23:21:14,400 - [32mINFO[0m - -> - [33m⏳[0m COMPFEST17{11}: QUEUED HTTPSConnectionPool(host='api.ctf-compfest.com', port=443): Max retries exceeded with url: /api/v2/submit (Caused by NewConnectionError('<urllib3.connection.HTTPSConnection object at 0x786e361a27e0>: Failed to establish a new connection: [Errno 113] No route to host'))
2025-10-01 23:21:14,400 - [32mINFO[0m - -> - Submission Summary: accepted=0 rejected=0 queued=15
2025-10-01 23:21:14,400 - [32mINFO[0m - -> - Cycle stats: flags_found=0, flags_submitted=15, accepted=0, success_rate=0.00%
2025-10-01 23:21:14,400 - [32mINFO[0m - -> - Cycle finished; sleeping 26s
2025-10-01 23:21:16,176 - [32mINFO[0m - -> - Received signal 2, shutting down...
2025-10-01 23:21:16,177 - [32mINFO[0m - -> - Shutting down: stopping watcher and solver threads
2025-10-01 23:21:16,178 - [32mINFO[0m - -> - Solver thread exiting for test.py
2025-10-01 23:21:16,178 - [32mINFO[0m - -> - Shutdown complete
